,Player,POS,AAV
0,Wayne Simmonds,"RW, LW",900000
1,Ryan Nugent-Hopkins,"C, LW",5125000
2,Trent Frederic,"C, LW",1050000
3,Blake Lizotte,C,800000
4,Matt Nieto,"LW, RW",850000
5,Blake Comeau,"LW, RW",1000000
6,Kevin Stenlund,"RW, C",1050000
7,Jason Spezza,"C, RW",750000
8,Nathan Bastian,"RW, C",825000
9,Devin Shore,"LW, C, RW",850000
10,Artem Zub,RD,2500000
11,Alexander Barabanov,"RW, LW",1000000
12,Ryan Lindgren,LD,3000000
13,Riley Stillman,LD,1350000
14,Ryan Hartman,"C, RW",1700000
15,Ilya Lyubushkin,RD,1350000
16,Adam Lowry,C,3250000
17,Conor Sheary,"LW, RW",1500000
18,Scott Laughton,"LW, C",3000000
19,Alex Iafallo,"LW, C",4000000
20,Nikita Gusev,"RW, LW",1000000
21,Tanner Pearson,LW,3250000
22,Mason Marchment,"LW, RW",800000
23,Thatcher Demko,G,5000000
24,Matt Roy,RD,3150000
25,Trevor van Riemsdyk,RD,950000
26,Jordan Binnington,G,6000000
27,Jack Roslovic,"RW, C",1838362
28,Ben Hutton,LD,950000
29,Cory Schneider,G,700000
30,Trevor Lewis,RW,750000
31,Craig Anderson,G,700000
32,Marcus Foligno,"LW, RW",3100000
33,Travis Hamonic,RD,1250000
34,Andy Greene,LD/RD,700000
35,Matt Martin,"LW, RW",1500000
36,Mike Hoffman,"RW, LW",4000000
37,Jesper Bratt,"LW, RW",2750000
38,Mathew Barzal,C,7000000
39,Riley Sheahan,"LW, C",700000
40,Sami Vatanen,LD/RD,2000000
41,Anthony Stolarz,G,950000
42,Luke Kunin,"RW, C",2300000
43,Oliver Bjorkstrand,"RW, LW",5400000
44,Dylan Strome,"C, LW",3000000
45,John Marino,RD,4400000
46,Vince Dunn,LD/RD,1875000
47,Pierre-Luc Dubois,C,5000000
48,Zdeno Chara,LD,795000
49,Derick Brassard,"LW, C",1000000
50,Ethan Bear,RD,2000000
51,Andreas Athanasiou,"C, LW, RW",1200000
52,Corey Perry,RW,750000
53,Carl Soderberg,"C, LW",1000000
54,Slater Koekkoek,LD/RD,850000
55,Anthony Cirelli,C,4800000
56,Mathieu Joseph,"C, LW, RW",737500
57,Ryan Miller,G,1000000
58,Erik Haula,"C, LW",1750000
59,Mikael Granlund,"C, RW",3750000
60,Michael Frolik,"LW, RW",750000
61,Alexander Volkov,"LW, RW",700000
62,Mackenzie Blackwood,G,2800000
63,Conor Sheary,"LW, RW",735000
64,Erik Cernak,RD,2950000
65,Jan Rutta,RD,1300000
66,Drake Caggiula,"LW, RW",700000
67,Anthony Duclair,"LW, RW",1700000
68,Philippe Myers,RD,2550000
69,Mikhail Sergachev,LD/RD,4800000
70,Jake DeBrusk,LW,3675000
71,Roope Hintz,"C, LW",3150000
72,MacKenzie Weegar,LD/RD,3250000
73,Brendan Lemieux,"LW, RW",1550000
74,Vladislav Gavrikov,LD,2800000
75,Ryan Strome,"C, RW",4500000
76,Ryan Pulock,RD,5000000
77,Anthony Mantha,"RW, LW",5700000
78,Dominik Kahun,"LW, RW, C",975000
79,Warren Foegele,"LW, RW",2150000
80,Victor Olofsson,"LW, RW",3050000
81,Patrick Maroon,"LW, RW",900000
82,Sami Niku,RD,725000
83,Luke Schenn,RD,800000
84,Alex Galchenyuk,"LW, C, RW",1050000
85,Jansen Harkins,"LW, C",725000
86,Haydn Fleury,LD/RD,1300000
87,Tyler Bertuzzi,"LW, RW",3500000
88,Devon Toews,LD,4100000
89,Chris Tierney,C,3500000
90,Linus Ullmark,G,2600000
91,Sam Reinhart,"C, RW",5200000
92,Josh Leivo,"RW, LW",875000
93,Travis Dermott,LD/RD,874125
94,Dominik Simon,"RW, LW",700000
95,Jake Virtanen,"RW, LW",2550000
96,Dmitry Kulikov,LD,1150000
97,Denis Gurianov,"RW, LW",2550000
98,Connor Brown,"LW, RW",3600000
99,Kris Russell,LD/RD,1250000
100,Jonas Siegenthaler,LD,800000
101,Ilya Mikheyev,"LW, RW",1645000
102,Adam Gaudette,C,950000
103,Christian Fischer,"RW, LW",1000000
104,Joakim Nordstrom,"LW, RW",700000
105,Tyson Jost,"C, LW, RW",874125
106,Cody Ceci,RD,1250000
107,Matt Grzelcyk,LD,3687500
108,Joe Thornton,"C, LW",700000
109,Nolan Patrick,"C, RW",874125
110,Andrew Mangiapane,"LW, RW",2425000
111,Anthony Deangelo,RD,4800000
112,Evgeni Dadonov,"RW, LW",5000000
113,Alexandar Georgiev,G,2425000
114,Brendan Gallagher,RW,6500000
115,Nicholas Paul,"C, LW",1350000
116,Jakub Zboril,LD,725000
117,Jake Allen,G,2875000
118,Aaron Dell,G,800000
119,Patrick Marleau,"LW, C",700000
120,Matt Nieto,"LW, RW",700000
121,Lucas Wallmark,C,950000
122,Alex Pietrangelo,RD,8800000
123,Brad Richardson,C,1000000
124,Tyler Toffoli,"LW, RW",4250000
125,Erik Gustafsson,LD/RD,3000000
126,Ryan Graves,LD,3166667
127,Mattias Janmark,"LW, C",2250000
128,Jimmy Vesey,"LW, RW",900000
129,Taylor Hall,LW,8000000
130,Radek Faksa,C,3250000
131,Derek Forbort,LD,1000000
132,Kyle Clifford,LW,1000000
133,Vladislav Namestnikov,"RW, LW, C",2000000
134,Nikita Zadorov,LD/RD,3200000
135,Zach Bogosian,RD,1000000
136,Jesper Fast,RW,2000000
137,Jordan Greenway,"LW, RW",2100000
138,Travis Boyd,"C, RW",700000
139,Tyson Barrie,RD,3750000
140,Mike Smith,G,1500000
141,Tomas Jurco,"RW, LW",700000
142,Trevor van Riemsdyk,RD,800000
143,Mikko Koivu,C,1500000
144,Valeri Nichushkin,"LW, RW",2500000
145,Brandon Montour,LD/RD,3850000
146,Cody Eakin,C,2250000
147,Johan Larsson,"C, LW",1400000
148,Nate Thompson,C,750000
149,Troy Stecher,RD,1700000
150,Thomas Greiss,G,3600000
151,Mark Pysyk,"RD, RW",750000
152,Andre Burakovsky,"LW, RW",4900000
153,Craig Smith,"RW, C",3100000
154,Kevin Labanc,"RW, LW",4725000
155,Andy Welinski,RD,750000
156,Braden Holtby,G,4300000
157,John Hayden,"C, RW",750000
158,Mark Jankowski,"LW, C",700000
159,Ryan Lomberg,"LW, C",725000
160,Victor Mete,LD/RD,735000
161,Corey Crawford,G,3900000
162,Luca Sbisa,LD,800000
163,Anton Forsberg,G,700000
164,Evan Rodrigues,"RW, C",700000
165,Nathan Beaulieu,LD/RD,1250000
166,Kevan Miller,RD,1250000
167,Wayne Simmonds,"RW, LW",1500000
168,TJ Brodie,RD,5000000
169,Torey Krug,LD,6500000
170,Nick Cousins,"LW, C",1500000
171,Alexander Wennberg,C,2250000
172,Vinnie Hinostroza,"RW, C",1000000
173,Matt Irwin,LD/RD,700000
174,Kevin Shattenkirk,RD,3900000
175,Tyler Motte,"LW, RW",1225000
176,Tomas Nosek,"C, LW",1250000
177,Carter Verhaeghe,"C, LW",1000000
178,Christopher Tanev,RD,4500000
179,Derek Grant,"C, RW",1500000
180,Tobias Rieder,"RW, LW",700000
181,Jack Johnson,LD,1150000
182,Justin Schultz,RD,4000000
183,Alan Quine,C,750000
184,Stefan Noesen,"RW, LW",925000
185,Kevin Rooney,"RW, C",750000
186,Keith Kinkaid,G,825000
187,Jacob Markstrom,G,6000000
188,Tyler Pitlick,RW,1750000
189,Anton Khudobin,G,3333333
190,Matthew Benning,RD,1000000
191,Buddy Robinson,RW,700000
192,Mason Appleton,"RW, C",900000
193,Kyle Turris,C,1650000
194,Cam Talbot,G,3666667
195,Bobby Ryan,"RW, LW",1000000
196,Radko Gudas,RD,2500000
197,Mark Borowiecki,LD,2000000
198,Tyler Ennis,"C, LW, RW",1000000
199,Matt Murray,G,6250000
200,Henrik Lundqvist,G,1500000
201,Malcolm Subban,G,850000
202,Zemgus Girgensons,"C, LW",2200000
203,Josh Anderson,RW,5500000
204,Sam Lafferty,"C, LW",750000
205,Adam Erne,"LW, RW",997500
206,Max Domi,"C, LW",5300000
207,Jesse Puljujarvi,RW,1175000
208,Chandler Stephenson,"LW, C",2750000
209,Mitchell Stephens,C,737500
210,Dylan DeMelo,RD,3000000
211,Brenden Dillon,LD,3900000
212,Zack MacEwen,"C, RW",825000
213,Jason Spezza,"C, RW",700000
214,Ilya Lyubushkin,RD,1000000
215,Kyle Capobianco,LD,775000
216,Tage Thompson,RW,1400000
217,Justin Braun,RD,1800000
218,Carson Soucy,LD,2750000
219,Nico Sturm,C,725000
220,Andrej Sekera,LD/RD,1500000
221,Brian Elliott,G,1500000
222,Tristan Jarry,G,3500000
223,Robin Lehner,G,5000000
224,Laurent Brossoit,G,1500000
225,Denis Malgin,"RW, C",700000
226,Robert Hagg,LD,1600000
227,Sam Gagner,"C, RW",850000
228,Jeff Petry,RD,6250000
229,Yakov Trenin,"LW, C",725000
230,Curtis Lazar,"C, RW",800000
231,Jared McCann,"LW, C",2940000
232,Daniel Sprong,RW,725000
233,Nicolas Aube-Kubel,RW,1075000
234,Joel Edmundson,LD,3500000
235,Jonas Brodin,LD,6000000
236,Adin Hill,G,800000
237,Sean Walker,RD,2650000
238,Jacob De La Rose,"C, LW",700000
239,Juuso Riikola,LD,1150000
240,Austin Wagner,"RW, LW",1133333
241,Patrick Russell,RW,700000
242,Chad Ruhwedel,RD,750000
243,Robby Fabbri,"LW, C",2950000
244,Jacob Larsson,LD,1200000
245,Anders Bjork,"LW, RW",1600000
246,Sonny Milano,LW,1700000
247,Oskar Lindblom,LW,3000000
248,Troy Terry,"RW, C",1450000
249,Mark Friedman,RD,725000
250,Ryan Reaves,RW,1750000
251,Brendan Guhle,LD,800000
252,Sam Carrick,C,700000
253,Christian Djoos,LD,1000000
254,Jani Hakanpaa,RD,750000
255,Jaroslav Halak,G,2250000
256,Gaetan Haas,C,915000
257,Elvis Merzlikins,G,4000000
258,Nicolas Roy,"RW, C",750000
259,Joonas Korpisalo,G,2800000
260,Mackenzie MacEachern,"LW, RW",900000
261,Marco Scandella,LD,3275000
262,Kurtis MacDermid,LD/RD,875000
263,Zach Whitecloud,RD,725000
264,Alex Biega,RD,875000
265,Josh Archibald,"RW, LW",1500000
266,Radim Simek,LD,2250000
267,William Carrier,LW,1400000
268,Zach Bogosian,RD,1300000
269,Nick Holden,LD,1700000
270,Rocco Grimaldi,"LW, RW",2000000
271,Jake Muzzin,LD,5625000
272,Jean-Gabriel Pageau,C,5000000
273,Chris Kreider,LW,6500000
274,Martin Frk,RW,725000
275,Pavel Francouz,G,2000000
276,Nicolas Deslauriers,"RW, LW",1000000
277,Jeremy Lauzon,LD/RD,850000
278,Pierre Engvall,"LW, C",1250000
279,Joakim Nygard,LW,875000
280,Darnell Nurse,LD,5600000
281,Dean Kukan,RD,1650000
282,Niko Mikkola,LD,787500
283,Zack Kassian,RW,3200000
284,Marcus Pettersson,LD,4025175
285,Eric Robinson,LW,975000
286,Caleb Jones,LD,850000
287,Nicklas Backstrom,C,9200000
288,Martin Marincin,LD,700000
289,Justin Williams,RW,700000
290,Rasmus Andersson,RD,4550000
291,Justin Holl,RD,2000000
292,Charlie Coyle,"C, RW",5250000
293,Chris Wagner,"RW, C",1350000
294,Austin Watson,"RW, LW",1500000
295,Roman Josi,LD,9059000
296,Luca Sbisa,LD,750000
297,Brian Boyle,"LW, C",940000
298,Nico Hischier,C,7250000
299,Chris Stewart,"RW, LW",753757
300,Brayden Schenn,"C, LW",6500000
301,Alex DeBrincat,"LW, RW",6400000
302,Darcy Kuemper,G,4500000
303,Kyle Connor,LW,7142857
304,Mikko Rantanen,RW,9250000
305,Patrik Laine,"LW, RW",6750000
306,Matthew Tkachuk,"LW, RW",7000000
307,Justin Faulk,LD/RD,6500000
308,Brayden Point,"C, RW",6750000
309,Anthony Deangelo,RD,925000
310,Thomas Chabot,LD,8000000
311,Ben Hutton,LD,1500000
312,Brandon Carlo,RD,2850000
313,Brock Boeser,RW,5875000
314,Travis Konecny,"RW, LW",5500000
315,Charlie McAvoy,RD,4900000
316,Jared Spurgeon,RD,7575000
317,Mitchell Marner,RW,10903000
318,Marcus Pettersson,LD,874125
319,Ivan Provorov,LD,6750000
320,Joshua Morrissey,LD,6250000
321,Brendan Lemieux,"LW, RW",925000
322,Kevin Fiala,"LW, RW",3000000
323,Michael Stone,RD,700000
324,Pavel Zacha,"LW, C",2250000
325,Zachary Werenski,LD,5000000
326,Jack Campbell,G,1650000
327,Brendan Perlini,"RW, LW",874125
328,Joe Thornton,"C, LW",2000000
329,Jake Gardiner,LD,4050000
330,Riley Sheahan,"LW, C",900000
331,Jimmy Schuldt,LD,850000
332,Nikolay Goldobin,LW,900000
333,Adrian Kempe,"LW, RW",2000000
334,Clayton Keller,"RW, LW",7150000
335,Ivan Barbashev,"C, LW",1475000
336,Anthony Beauvillier,LW,2100000
337,Denis Malgin,"RW, C",750000
338,Patrick Maroon,"LW, RW",900000
339,Derick Brassard,"LW, C",1200000
340,Joel Eriksson Ek,C,1487500
341,Colin White,"RW, C",4750000
342,Michael Dal Colle,LW,700000
343,Valeri Nichushkin,"LW, RW",850000
344,Adam Erne,"LW, RW",1050000
345,Rocco Grimaldi,"LW, RW",1000000
346,Anton Forsberg,G,775000
347,Joel Edmundson,LD,3100000
348,Kevin Shattenkirk,RD,1750000
349,Linus Ullmark,G,1325000
350,Jake McCabe,LD,2850000
351,Will Butcher,LD,3733333
352,Samuel Girard,LD,5000000
353,Vladislav Kamenev,C,750000
354,Andrei Vasilevskiy,G,9500000
355,David Rittich,G,2750000
356,Pavel Buchnevich,"RW, LW",3250000
357,Chandler Stephenson,"LW, C",1050000
358,Evan Rodrigues,"RW, C",2000000
359,Christian Djoos,LD,1250000
360,Pontus Aberg,"RW, LW",700000
361,Garrett Wilson,"RW, LW",725000
362,Sam Bennett,"LW, C, RW",2550000
363,Deryk Engelland,RD,700000
364,Andrew Copp,"C, LW",2280000
365,Colton Sissons,"RW, C",2857143
366,Mirco Mueller,LD,1400000
367,Zach Aston-Reese,"LW, RW",1000000
368,MacKenzie Weegar,LD/RD,1600000
369,Neal Pionk,RD,3000000
370,Oskar Sundqvist,"C, RW",2750000
371,Brock McGinn,"LW, RW",2100000
372,Charles Hudon,"LW, RW",800000
373,Jacob Trouba,RD,8000000
374,J.T. Compher,"RW, C",3500000
375,Ryan Donato,"LW, C",1900000
376,Haydn Fleury,LD/RD,850000
377,Connor Carrick,RD,1500000
378,Jakub Vrana,LW,3350000
379,Josh Archibald,"RW, LW",1000000
380,Teddy Blueger,"C, LW",750000
381,Andre Burakovsky,"LW, RW",3250000
382,Jordan Binnington,G,4400000
383,Scott Laughton,"LW, C",2300000
384,Johan Larsson,"C, LW",1550000
385,Robby Fabbri,"LW, C",900000
386,Ryan Dzingel,"LW, RW, C",3375000
387,Joel Armia,"RW, LW",2600000
388,Michael Del Zotto,LD,750000
389,Artturi Lehkonen,"LW, RW",2400000
390,Jason Dickinson,"C, LW",1500000
391,Micheal Ferland,"LW, RW",3500000
392,Alex Iafallo,"LW, C",2425000
393,Danton Heinen,"LW, RW",2800000
394,Malcolm Subban,G,850000
395,Kevin Labanc,"RW, LW",1000000
396,Marcus Johansson,"C, LW, RW",4500000
397,Nick Cousins,"LW, C",1000000
398,Zemgus Girgensons,"C, LW",1600000
399,Josh Leivo,"RW, LW",1500000
400,Cedric Paquette,"C, LW",1650000
401,Nikita Zadorov,LD/RD,3200000
402,Scott Harrington,LD,1633333
403,Alexander Kerfoot,"C, LW",3500000
404,Cody Ceci,RD,4500000
405,Ben Chiarot,LD,3500000
406,Anthony Stolarz,G,750000
407,Tyler Motte,"LW, RW",975000
408,Lawson Crouse,LW,1533333
409,Anton Stralman,RD,5500000
410,David Kampf,"C, RW",1000000
411,Jujhar Khaira,"C, LW",1200000
412,Jordie Benn,LD/RD,2000000
413,Par Lindholm,"LW, C",850000
414,Sebastian Aho,"C, LW",8460250
415,Andy Welinski,RD,750000
416,Tomas Nosek,"C, LW",1000000
417,Oscar Fantenberg,LD,850000
418,Cam Talbot,G,2750000
419,Brandon Pirri,"RW, LW",775000
420,Brett Ritchie,RW,1000000
421,Brendan Leipsic,LW,700000
422,Wayne Simmonds,"RW, LW",5000000
423,Timo Meier,"LW, RW",6000000
424,Mike Smith,G,2000000
425,Kenny Agostino,LW,737500
426,Jason Spezza,"C, RW",700000
427,Valtteri Filppula,"C, LW",3000000
428,Tyler Myers,RD,6000000
429,Kevin Gravel,LD,700000
430,Corey Perry,RW,1500000
431,Andrej Sekera,LD/RD,1500000
432,Nick Shore,C,750000
433,Tyler Ennis,"C, LW, RW",800000
434,Petr Mrazek,G,3125000
435,Ryan Carpenter,"RW, C",1000000
436,Patrik Nemeth,LD,3000000
437,Alex Chiasson,RW,2150000
438,Markus Granlund,"RW, LW, C",1300000
439,Tomas Jurco,"RW, LW",750000
440,Brett Connolly,"RW, LW",3500000
441,Ryan Hartman,"C, RW",1900000
442,Mats Zuccarello,"LW, RW",6000000
443,Daniel Carr,LW,700000
444,Artemi Panarin,LW,11642857
445,Ron Hainsey,RD,3500000
446,Brandon Tanev,"RW, LW",3500000
447,Tim Heed,RD,960000
448,Curtis McElhinney,G,1300000
449,Luke Schenn,RD,700000
450,Garnet Hathaway,"LW, RW",1500000
451,Richard Panik,"LW, RW",2750000
452,Robin Lehner,G,5000000
453,Curtis Lazar,"C, RW",700000
454,Pierre-Edouard Bellemare,"C, LW",1800000
455,Ryan Murray,LD,4600000
456,Gustav Nyquist,"RW, LW",5500000
457,Noel Acciari,"RW, C",1666667
458,Matt Duchene,"C, LW",8000000
459,Greg McKegg,"C, LW",750000
460,Andy Andreoff,"LW, C",750000
461,Dalton Prout,RD,800000
462,Jean-Sebastien Dea,C,700000
463,Keith Kinkaid,G,1750000
464,Connor Clifton,LD/RD,1000000
465,John Gilmour,D,700000
466,Joonas Donskoi,RW,3900000
467,Colin Wilson,"C, LW",2600000
468,Joe Pavelski,"RW, C",7000000
469,Sergei Bobrovsky,G,10000000
470,Joakim Ryan,LD,725000
471,Anders Lee,"LW, C",7000000
472,Semyon Varlamov,G,5000000
473,Nathan Beaulieu,LD/RD,1000000
474,Calvin Pickard,G,750000
475,Joonas Korpisalo,G,1150000
476,Martin Marincin,LD,700000
477,Andreas Johnsson,"LW, RW",3400000
478,Kasperi Kapanen,RW,3200000
479,Tom Kuhnhackl,RW,850000
480,Carl Gunnarsson,LD,1750000
481,Michael Hutchinson,G,700000
482,Sam Carrick,C,700000
483,Mike Reilly,LD,1500000
484,Brian Elliott,G,2000000
485,Brad Hunt,LD,700000
486,Travis Sanheim,LD,3250000
487,Steven Kampfer,RD,800000
488,William Karlsson,C,5900000
489,Ryan Miller,G,1125000
490,Alexander Edler,LD,6000000
491,Korbinian Holzer,RD,850000
492,Derek Grant,"C, RW",700000
493,Braydon Coburn,LD,1700000
494,Kevin Hayes,C,7142857
495,Anthony Duclair,"LW, RW",1650000
496,Markus Hannikainen,LW,750000
497,Erik Karlsson,RD,11500000
498,Carl Hagelin,LW,2750000
499,Ilya Lyubushkin,RD,874125
500,Jordan Eberle,RW,5500000
501,Jeff Skinner,"LW, RW",9000000
502,Mattias Janmark,"LW, C",2300000
503,Roman Polak,RD,1750000
504,Tanner Fritz,"C, RW",700000
505,Juuso Riikola,LD,850000
506,Anders Nilsson,G,2600000
507,Laurent Brossoit,G,1225000
508,Brett Kulak,LD,1850000
509,Chad Ruhwedel,RD,700000
510,Brock Nelson,"C, LW",6000000
511,Esa Lindell,LD,5800000
512,Slater Koekkoek,LD/RD,925000
513,Jan Rutta,RD,1300000
514,Jordan Weal,"C, RW, LW",1400000
515,Nate Thompson,C,1000000
516,Thatcher Demko,G,1050000
517,Christian Folin,RD,800000
518,Nic Dowd,C,750000
519,Jay Bouwmeester,LD,3250000
520,Nick Schmaltz,C,5850000
521,Carl Dahlstrom,LD,850000
522,Michael Raffl,"LW, RW",1600000
523,Zdeno Chara,LD,2000000
524,Nicolas Petan,"LW, RW, C",775000
525,Jimmy Howard,G,4000000
526,Mark Stone,RW,9500000
527,Jakob Silfverberg,"RW, LW",5250000
528,Conor Garland,"LW, RW",775000
529,Cristoval Nieves,"C, LW",700000
530,Eric Staal,C,3250000
531,Lee Stempniak,RW,650000
532,Dennis Seidenberg,RD,700000
533,Frank Vatrano,"RW, LW",2533333
534,Nick Jensen,RD,2500000
535,Jordan Oesterle,LD/RD,1400000
536,Mackenzie MacEachern,"LW, RW",750000
537,Auston Matthews,C,11640250
538,Pheonix Copley,G,1100000
539,Alex Stalock,G,785000
540,Jordan Martinook,"C, LW, RW",2000000
541,Mikko Koskinen,G,4500000
542,Teuvo Teravainen,"RW, LW",5400000
543,Marcus Sorensen,"LW, RW",1500000
544,Trevor Moore,"RW, LW",775000
545,Casey DeSmith,G,1250000
546,Lukas Radil,LW,700000
547,Jake Guentzel,"LW, RW",6000000
548,Robert Bortuzzo,RD,1375000
549,Calle Rosen,LD,750000
550,William Nylander,"RW, LW",6962366
551,Jakob Chychrun,LD,4600000
552,Pekka Rinne,G,5000000
553,Yanni Gourde,"C, LW, RW",5166666
554,Nate Schmidt,LD/RD,5950000
555,Alex Tuch,"RW, LW",4750000
556,Nick Ritchie,LW,1498925
557,Cory Conacher,LW,700000
558,Jake Dotchin,RD,800000
559,Drew Stafford,"RW, LW",810000
560,Barclay Goodrow,LW,925000
561,Jason Garrison,LD,650000
562,Alex Chiasson,RW,650000
563,Brandon Davidson,LD,650000
564,Shea Theodore,LD/RD,5200000
565,Luca Sbisa,LD,1500000
566,Paul Byron,"LW, RW",3400000
567,Miles Wood,LW,2750000
568,Sam Reinhart,"C, RW",3650000
569,Darnell Nurse,LD,3200000
570,Joshua Morrissey,LD,3150000
571,Tyler Seguin,"C, RW",9850000
572,Max Pacioretty,LW,7000000
573,Blake Wheeler,"RW, C",8250000
574,Noah Hanifin,LD,4950000
575,Troy Brouwer,"LW, RW",850000
576,Jakub Jerabek,LD,1000000
577,Ondrej Kase,RW,2600000
578,Steven Santini,RD,1416667
579,Ryan Ellis,RD,6250000
580,Dylan Larkin,"C, LW",6100000
581,Christian Dvorak,"C, LW",4450000
582,William Karlsson,C,5250000
583,John Gibson,G,6400000
584,Cody Ceci,RD,4300000
585,Gemel Smith,C,720000
586,Mark Stone,RW,7350000
587,Patrik Nemeth,LD,2500000
588,Robert Hagg,LD,1150000
589,Ryan Spooner,"C, LW",4000000
590,Miikka Salomaki,"LW, RW",750000
591,Garnet Hathaway,"LW, RW",850000
592,Kevin Hayes,C,5175000
593,Brady Skjei,LD,5250000
594,Tom Wilson,RW,5166666
595,Mark Jankowski,"LW, C",1675000
596,Dan Hamhuis,LD,1250000
597,Brett Kulak,LD,900000
598,Mattias Janmark,"LW, C",2300000
599,MacKenzie Weegar,LD/RD,900000
600,Jason Zucker,"LW, RW",5500000
601,Jake Virtanen,"RW, LW",1250000
602,Brandon Montour,LD/RD,3387500
603,Joel Edmundson,LD,3000000
604,Brooks Orpik,LD,1000000
605,Tucker Poolman,RD,775000
606,Brock Nelson,"C, LW",4250000
607,William Carrier,LW,725000
608,Brandon Tanev,"RW, LW",1150000
609,Jacob Trouba,RD,5500000
610,Troy Stecher,RD,2325000
611,Adam Lowry,C,2916667
612,Madison Bowey,RD,1000000
613,Derek Grant,"C, RW",650000
614,Chris Tierney,C,2937500
615,Stefan Noesen,"RW, LW",1725000
616,Tomas Nosek,"C, LW",962500
617,Jimmy Vesey,"LW, RW",2275000
618,Blake Coleman,"LW, RW",1800000
619,Ryan Pulock,RD,2000000
620,Adam Henrique,C,5825000
621,Elias Lindholm,"RW, C",4850000
622,Juuse Saros,G,1500000
623,Ryan Hartman,"C, RW",875000
624,Phillip Danault,C,3083333
625,Oliver Bjorkstrand,"RW, LW",2500000
626,Ryan Murray,LD,2825000
627,Taylor Leier,LW,720000
628,Joel Armia,"RW, LW",1850000
629,Marc-Andre Fleury,G,7000000
630,Devin Shore,"LW, C, RW",2300000
631,Cody McLeod,"LW, RW",750000
632,Connor Hellebuyck,G,6166666
633,Jamie Oleksiak,LD,2137500
634,Anthony Mantha,"RW, LW",3300000
635,Adam Erne,"LW, RW",800000
636,Patrick Maroon,"LW, RW",1750000
637,Nikita Kucherov,RW,9500000
638,Ross Johnston,LW,1000000
639,Colin Miller,RD,3875000
640,Dmitrij Jaskin,"RW, LW",1100000
641,Dylan DeMelo,RD,900000
642,Tyler Ennis,"C, LW, RW",650000
643,Matt Nieto,"LW, RW",1975000
644,Oskar Sundqvist,"C, RW",700000
645,Jason Dickinson,"C, LW",875000
646,Ryan Strome,"C, RW",3100000
647,Boone Jenner,"C, LW",3750000
648,Jacob De La Rose,"C, LW",900000
649,Andreas Athanasiou,"C, LW, RW",3000000
650,Trevor van Riemsdyk,RD,2300000
651,Anthony Duclair,"LW, RW",650000
652,Cedric Paquette,"C, LW",1000000
653,Christian Folin,RD,800000
654,Andrej Sustr,RD,1300000
655,Justin Holl,RD,675000
656,Robby Fabbri,"LW, C",925000
657,Calvin De Haan,LD/RD,4550000
658,Brad Richardson,C,1250000
659,Sean Kuraly,"C, LW",1275000
660,Remi Elie,LW,735000
661,Robin Lehner,G,1500000
662,James Neal,"RW, LW",5750000
663,Tom Kuhnhackl,RW,700000
664,Brian Gibbons,"C, RW, LW",1000000
665,Carter Rowney,"C, RW",1133333
666,Tomas Hertl,"C, RW",5625000
667,Joe Thornton,"C, LW",5000000
668,Slater Koekkoek,LD/RD,865000
669,Ben Street,C,750000
670,Nick Seeler,LD,725000
671,Petr Mrazek,G,1500000
672,Josh Jooris,C,650000
673,Jay Beagle,C,3000000
674,Derek Ryan,"RW, C",3125000
675,Martin Marincin,LD,800000
676,Travis Boyd,"C, RW",800000
677,Jack Johnson,LD,3250000
678,Michael Grabner,"LW, RW",3350000
679,Valeri Nichushkin,"LW, RW",2950000
680,John Tavares,C,11000000
681,Fredrik Claesson,LD,700000
682,Tobias Rieder,"RW, LW",2000000
683,Anton Rodin,RW,750000
684,Tomas Plekanec,C,2250000
685,Matt Calvert,"LW, RW",2850000
686,Cam Ward,G,3000000
687,Brandon Manning,LD,2250000
688,Thomas Vanek,"LW, RW",3000000
689,Thomas Hickey,LD,2500000
690,Chris Kunitz,"RW, LW",1000000
691,Drew Doughty,RD,11000000
692,Matt Hendricks,"RW, C, LW",700000
693,David Perron,"RW, LW",4000000
694,Valtteri Filppula,"C, LW",2750000
695,Luke Schenn,RD,800000
696,Jaroslav Halak,G,2750000
697,John Moore,LD,2750000
698,Joakim Nordstrom,"LW, RW",1000000
699,Chris Wagner,"RW, C",1250000
700,Riley Nash,"C, RW",2750000
701,Anton Khudobin,G,2500000
702,Roman Polak,RD,1300000
703,Jonathan Bernier,G,3000000
704,Kyle Brodziak,C,1150000
705,J.T. Brown,RW,687500
706,Vladislav Namestnikov,"RW, LW, C",4000000
707,Tyler Bozak,"C, RW",5000000
708,Adam Cracknell,RW,650000
709,Daniel Carr,LW,750000
710,Nick Holden,LD,2200000
711,Curtis McKenzie,LW,750000
712,Nic Dowd,C,650000
713,Niklas Hjalmarsson,LD/RD,5000000
714,James van Riemsdyk,LW,7000000
715,Ryan McDonagh,LD,6750000
716,Logan Couture,"C, LW",8000000
717,Oliver Ekman-Larsson,LD,8250000
718,Carter Hutton,G,2750000
719,Scott Wilson,LW,1050000
720,Austin Czarnik,"RW, LW",1250000
721,Ian Cole,LD/RD,4250000
722,Blake Comeau,"LW, RW",2400000
723,Jared McCann,"LW, C",1250000
724,Eric Fehr,"C, RW",1000000
725,Matthew Peca,"LW, C",1300000
726,Leo Komarov,"RW, LW, C",3000000
727,Matt Cullen,"C, LW",650000
728,Chad Johnson,G,1750000
729,Sven Baertschi,LW,3366666
730,Antoine Roussel,LW,3000000
731,Tim Schaller,LW,1900000
732,Paul Stastny,"C, LW",6500000
733,Greg Pateryn,RD,2250000
734,Eddie Lack,G,650000
735,Mike Green,RD,5375000
736,Ryan Reaves,RW,2775000
737,Dalton Prout,RD,800000
738,Valentin Zykov,LW,675000
739,Frank Vatrano,"RW, LW",925000
740,Michal Kempny,LD,2500000
741,Riley Sheahan,"LW, C",2100000
742,Kevin Connauton,LD,1375000
743,Devante Smith-Pelly,"RW, LW",1000000
744,Phillip Di Giuseppe,LW,750000
745,Derrick Pouliot,LD,1100000
746,J.T. Miller,"LW, C",5250000
747,Bryan Rust,"RW, LW",3500000
748,Daniel Sprong,RW,750000
749,Dominik Simon,"RW, LW",750000
750,Martin Frk,RW,1050000
751,Tyler Bertuzzi,"LW, RW",1400000
752,John Carlson,RD,8000000
753,Nikita Soshnikov,RW,800000
754,Chris Wideman,RD,1000000
755,Philipp Grubauer,G,3333333
756,Samuel Morin,"LD, LW",700000
757,Markus Granlund,"RW, LW, C",1475000
758,Louis Domingue,G,1150000
759,Stephen Johns,RD,2350000
760,Connor Carrick,RD,1300000
761,Calvin Pickard,G,800000
762,Matthew Benning,RD,1900000
763,Max Domi,"C, LW",3150000
764,Vinnie Hinostroza,"RW, C",1500000
765,John Hayden,"C, RW",750000
766,Matt Grzelcyk,LD,1400000
767,Drake Caggiula,"LW, RW",1500000
768,Andreas Martinsen,C,650000
769,Magnus Paajarvi,"LW, RW",900000
770,Gabriel Bourque,"LW, RW",950000
771,Evander Kane,"LW, RW",7000000
772,Antti Niemi,G,950000
773,Mark Barberio,LD,1450000
774,Casey Nelson,RD,812500
775,Ty Rattie,"RW, LW",800000
776,Antti Raanta,G,4250000
777,Markus Nutivaara,RD,2700000
778,Zdeno Chara,LD,5000000
779,Dean Kukan,RD,725000
780,Jan Rutta,RD,2250000
781,Erik Gustafsson,LD/RD,1200000
782,Alex Biega,RD,825000
783,Aaron Dell,G,1900000
784,Patric Hornqvist,RW,5300000
785,Mike Fisher,C,1000000
786,Chris Kelly,"C, LW",1250000
787,Brian Gionta,RW,700000
788,Josh Bailey,"RW, LW",5000000
789,Darcy Kuemper,G,1850000
790,Erik Gudbranson,RD,4000000
791,Nicolas Deslauriers,"RW, LW",950000
792,Mikael Backlund,C,5350000
793,Colton Sceviour,RW,1200000
794,Lars Eller,C,3500000
795,Ben Harpur,LD,725000
796,Deryk Engelland,RD,1500000
797,Andrew Cogliano,LW,3250000
798,Matt Irwin,LD/RD,675000
799,Anthony Bitetto,LD,650000
800,Yannick Weber,RD,675000
801,Scott Mayfield,RD,1450000
802,Jonathan Marchessault,"LW, RW",5000000
803,Brayden McNabb,LD,2500000
804,Josh Leivo,"RW, LW",925000
805,Cam Atkinson,"RW, LW",5875000
806,Kyle Turris,C,6000000
807,Roman Polak,RD,1100000
808,Andreas Athanasiou,"C, LW, RW",1387500
809,Derek Forbort,LD,2525000
810,Michael Matheson,LD,4875000
811,Mark Borowiecki,LD,1200000
812,Nikolaj Ehlers,"RW, LW",6000000
813,Josh Manson,RD,4100000
814,Daniel Winnik,C,660000
815,Cody Franson,RD,1000000
816,Alex Chiasson,RW,660000
817,Jaromir Jagr,RW,1000000
818,Jack Eichel,C,10000000
819,Tanner Glass,LW,650000
820,Josh Anderson,RW,1850000
821,Scottie Upshall,LW,800000
822,Jimmy Hayes,RW,700000
823,Craig Anderson,G,4750000
824,Mikko Koivu,C,5500000
825,Nikita Zadorov,LD/RD,2150000
826,David Pastrnak,RW,6666667
827,Bryan Little,"C, RW",5291667
828,Marcus Foligno,"LW, RW",2875000
829,Damon Severson,RD,4166666
830,Bo Horvat,C,5500000
831,Sam Bennett,"LW, C, RW",1950000
832,Anthony Duclair,"LW, RW",1200000
833,Alexander Wennberg,C,4900000
834,Thomas Vanek,"LW, RW",2000000
835,Connor Brown,"LW, RW",2100000
836,Matt Hendricks,"RW, C, LW",700000
837,Drew Stafford,"RW, LW",800000
838,Francois Beauchemin,LD,1000000
839,Zemgus Girgensons,"C, LW",1600000
840,Leon Draisaitl,"C, LW, RW",8500000
841,Matt Cullen,"C, LW",1000000
842,Brendan Gaunce,"LW, C",750000
843,Nate Schmidt,LD/RD,2225000
844,Jamie Oleksiak,LD,964688
845,Calvin De Haan,LD/RD,3300000
846,Mikael Granlund,"C, RW",5750000
847,Brett Pesce,RD,4025000
848,Nathan Beaulieu,LD/RD,2400000
849,Nino Niederreiter,"LW, RW",5250000
850,Conor Sheary,"LW, RW",3000000
851,Ryan Johansen,"C, RW",8000000
852,Ryan Spooner,"C, LW",2825000
853,Matt Nieto,"LW, RW",1000000
854,Mark Streit,RD,700000
855,Robin Lehner,G,4000000
856,Mika Zibanejad,C,5350000
857,Mirco Mueller,LD,850000
858,Brian Dumoulin,LD,4100000
859,Reid Boucher,LW,687500
860,Johnny Oduya,LD,1000000
861,Adam Pelech,LD,1600000
862,Connor Hellebuyck,G,2250000
863,Austin Watson,"RW, LW",1100000
864,Viktor Arvidsson,"RW, LW",4250000
865,Jordan Martinook,"C, LW, RW",1800000
866,Tomas Tatar,"LW, RW",5300000
867,Ryan Dzingel,"LW, RW, C",1800000
868,Colton Parayko,RD,5500000
869,Pontus Aberg,"RW, LW",650000
870,Jean-Gabriel Pageau,C,3100000
871,Griffin Reinhart,LD,800000
872,Ondrej Palat,"RW, LW",5300000
873,Curtis Lazar,"C, RW",950000
874,Michael Chaput,C,687500
875,Micheal Ferland,"LW, RW",1750000
876,Andrew Copp,"C, LW",1000000
877,Josh Archibald,"RW, LW",675000
878,Derrick Pouliot,LD,800000
879,Jaccob Slavin,LD,5300000
880,Scott Laughton,"LW, C",962500
881,Chris Tierney,C,735000
882,Tyler Johnson,"RW, C",5000000
883,Radek Faksa,C,2200000
884,Brandon Tanev,"RW, LW",700000
885,Yohann Auvitu,"LD, LW",700000
886,Johan Larsson,"C, LW",1475000
887,Dennis Rasmussen,C,725000
888,Jussi Jokinen,"LW, RW",1100000
889,Philipp Grubauer,G,1500000
890,Brett Ritchie,RW,1750000
891,Nick Shore,C,925000
892,Mark Pysyk,"RD, RW",2733333
893,Zach Hyman,"LW, RW",2250000
894,Alex Galchenyuk,"LW, C, RW",4900000
895,Connor McDavid,C,12500000
896,Jake Dotchin,RD,812500
897,Jesper Fast,RW,1850000
898,Tim Schaller,LW,775000
899,Reto Berra,G,700000
900,Nail Yakupov,"RW, LW",875000
901,Andre Burakovsky,"LW, RW",3000000
902,Oscar Lindberg,"LW, C",1700000
903,David Desharnais,C,1000000
904,Xavier Ouellet,LD,1250000
905,Alexander Radulov,RW,6250000
906,Ales Hemsky,RW,1000000
907,Slater Koekkoek,LD/RD,800000
908,Patrick Marleau,"LW, C",6250000
909,Carey Price,G,10500000
910,Evgeny Kuznetsov,C,7800000
911,Joe Thornton,"C, LW",8000000
912,Mike Reilly,LD,725000
913,Martin Jones,G,5750000
914,Darcy Kuemper,G,650000
915,Marc-Edouard Vlasic,LD/RD,7000000
916,Brad Hunt,LD,650000
917,Josh Jooris,C,775000
918,Alexander Burmistrov,"C, RW",900000
919,Karl Alzner,LD,4625000
920,Kevin Shattenkirk,RD,6650000
921,Nick Cousins,"LW, C",1000000
922,Brian Boyle,"LW, C",2550000
923,Steve Mason,G,4100000
924,Adam Clendening,RD,650000
925,Nate Thompson,C,1650000
926,Trevor Daley,RD,3166666
927,Martin Hanzal,C,4750000
928,Justin Williams,RW,4500000
929,Ron Hainsey,RD,3000000
930,Ryan Miller,G,2000000
931,Cam Fowler,LD,6500000
932,Seth Griffith,"RW, C",650000
933,Michael Sgarbossa,C,650000
934,Kenny Agostino,LW,875000
935,Dan Girardi,RD,3000000
936,Antti Niemi,G,700000
937,Benoit Pouliot,LW,1150000
938,Scott Hartnell,LW,1000000
939,Mike Cammalleri,"LW, C",1000000
940,Lance Bouma,"C, LW, RW",1000000
941,Chad Johnson,G,2500000
942,Patrick Sharp,"LW, C",800000
943,Tommy Wingels,"RW, LW",750000
944,Jordan Oesterle,LD/RD,650000
945,Chris Kunitz,"RW, LW",2000000
946,Nick Bonino,C,4100000
947,Jacob Josefson,"C, LW",700000
948,Derek Grant,"C, RW",650000
949,Colin Greening,LW,750000
950,Luke Witkowski,"RW, RD",750000
951,Dmitry Kulikov,LD,4333333
952,Christian Folin,RD,850000
953,Jonathan Bernier,G,2750000
954,Paul Postma,RD,725000
955,Justin Schultz,RD,5500000
956,Patrick Wiercioch,LD,650000
957,Sam Gagner,"C, RW",3150000
958,Michael Del Zotto,LD,3000000
959,Chris Thorburn,"RW, LW",900000
960,Beau Bennett,"RW, LW",650000
961,Matt Hunwick,LD,2250000
962,Brian Elliott,G,2750000
963,Ondrej Pavelec,G,1300000
964,Micheal Haley,C,825000
965,Tyler Pitlick,RW,1000000
966,David Warsofsky,LD,675000
967,Anders Nilsson,G,2500000
968,Patrik Nemeth,LD,945000
969,Oskar Sundqvist,"C, RW",675000
970,Dominic Moore,"C, LW",1000000
971,Radim Vrbata,RW,2500000
972,Kyle Quincey,RD,1250000
973,Dmitry Orlov,LD/RD,5100000
974,Curtis McElhinney,G,850000
975,Michael Stone,RD,3500000
976,Anton Rodin,RW,700000
977,Jordan Weal,"C, RW, LW",1750000
978,Kris Versteeg,"LW, RW",1750000
979,Keith Kinkaid,G,1250000
980,Magnus Paajarvi,"LW, RW",800000
981,Jacob De La Rose,"C, LW",725000
982,Cory Conacher,LW,650000
983,Sven Andrighetto,"RW, LW",1400000
984,Gabriel Dumont,C,650000
985,Brendan Smith,"LD/RD, LW",4350000
986,Noel Acciari,"RW, C",725000
987,Brock McGinn,"LW, RW",887500
988,Mike Condon,G,2400000
989,Eric Gryba,RD,900000
990,Ben Street,C,650000
991,Gustav Olofsson,LD,725000
992,Derek Ryan,"RW, C",1425000
993,Tomas Jurco,"RW, LW",800000
994,Brett Connolly,"RW, LW",1500000
995,Yanni Gourde,"C, LW, RW",1000000
996,Zack Kassian,RW,1950000
997,Esa Lindell,LD,2200000
998,Tom Pyatt,C,1100000
999,Andrej Sustr,RD,1950000
1000,Korbinian Holzer,RD,900000
1001,Andy Andreoff,"LW, C",677500
1002,Ben Chiarot,LD,1400000
1003,T.J. Oshie,"RW, C",5750000
1004,Patrick Eaves,"RW, LW",3150000
1005,Kris Russell,LD/RD,4000000
1006,Chad Ruhwedel,RD,650000
1007,Deryk Engelland,RD,1000000
1008,Erik Haula,"C, LW",2750000
1009,Peter Budaj,G,1025000
1010,Jujhar Khaira,"C, LW",675000
1011,Jonathan Drouin,LW,5500000
1012,Teuvo Teravainen,"RW, LW",2860000
1013,Erik Gudbranson,RD,3500000
1014,Matt Puempel,LW,725000
1015,Yannick Weber,RD,650000
1016,Shayne Gostisbehere,LD,4500000
1017,Tyler Toffoli,"LW, RW",4600000
1018,Andreas Martinsen,C,675000
1019,Michal Kempny,LD,900000
1020,Iiro Pakarinen,RW,725000
1021,Ben Bishop,G,4916666
1022,Joonas Donskoi,RW,1900000
1023,Melker Karlsson,"RW, C",2000000
1024,Richard Panik,"LW, RW",2800000
1025,Tanner Pearson,LW,3750000
1026,Scott Darling,G,4150000
1027,Nikita Zaitsev,RD,4500000
1028,Ben Smith,"RW, C",650000
1029,Mattias Janmark,"LW, C",700000
1030,Dennis Seidenberg,RD,1250000
1031,Klas Dahlbeck,LD,850000
1032,Vladimir Sobotka,"LW, C",2725000
1033,Vladimir Sobotka,"LW, C",3500000
1034,Jayson Megna,RW,675000
1035,Tanner Kero,"C, LW",750000
1036,Markus Hannikainen,LW,675000
1037,Scott Harrington,LD,675000
1038,Lukas Sedlak,"LW, C, RW",825000
1039,Drew Shore,C,600000
1040,Curtis McKenzie,LW,700000
1041,Adam Cracknell,RW,675000
1042,Chris Terry,"LW, RW",650000
1043,Logan Shaw,"C, RW",650000
1044,Michal Neuvirth,G,2500000
1045,Pierre-Edouard Bellemare,"C, LW",1450000
1046,Michal Rozsival,RD,650000
1047,Jordin Tootoo,RW,700000
1048,Alexandre Burrows,"RW, LW",2500000
1049,Nick Jensen,RD,812500
1050,Patrik Berglund,"C, LW",3850000
1051,Fredrik Claesson,LD,650000
1052,Justin Falk,LD,650000
1053,Alex Stalock,G,650000
1054,Thomas Greiss,G,3333333
1055,Zack Smith,"LW, C",3250000
1056,Matt Irwin,LD/RD,650000
1057,Al Montoya,G,1062500
1058,Robert Bortuzzo,RD,1150000
1059,Artemi Panarin,LW,6000000
1060,Cal Clutterbuck,RW,3500000
1061,Ben Hutton,LD,2800000
1062,Brent Burns,RD,8000000
1063,Jacob Trouba,RD,2812500
1064,Hampus Lindholm,LD,5250000
1065,Rickard Rakell,"RW, LW",3800000
1066,Jack Skille,RW,700000
1067,Rasmus Ristolainen,RD,5400000
1068,Nikita Kucherov,RW,4766667
1069,Nicklas Grossmann,LD,575000
1070,Kris Versteeg,"LW, RW",950000
1071,Johnny Gaudreau,LW,6750000
1072,Lauri Korpikoski,"LW, RW",1000000
1073,Rene Bourque,LW,650000
1074,Jakub Nakladal,RD,600000
1075,Kris Russell,LD/RD,3100000
1076,Tobias Rieder,"RW, LW",2225000
1077,Dennis Seidenberg,RD,1000000
1078,Kyle Quincey,RD,1250000
1079,Nikita Nesterov,LD,725000
1080,Brad Marchand,LW,6125000
1081,Alexander Steen,"LW, RW, C",5750000
1082,Freddie Hamilton,"C, RW",612500
1083,Dmitry Orlov,LD/RD,2570000
1084,Ryan Strome,"C, RW",2500000
1085,Jonathan Huberdeau,LW,5900000
1086,Zemgus Girgensons,"C, LW",1150000
1087,Dominic Moore,"C, LW",900000
1088,Brandon Pirri,"RW, LW",1100000
1089,Jiri Hudler,"LW, RW",2000000
1090,Cody Ceci,RD,2800000
1091,Jhonas Enroth,G,750000
1092,Sean Monahan,C,6375000
1093,Matt Cullen,"C, LW",1000000
1094,Radim Vrbata,RW,1000000
1095,Antoine Vermette,"C, LW",1750000
1096,Sam Gagner,"C, RW",650000
1097,Tyson Barrie,RD,5500000
1098,Martin Marincin,LD,1250000
1099,Michael Stone,RD,4000000
1100,Connor Murphy,RD,3850000
1101,Petr Mrazek,G,4000000
1102,Mike Hoffman,"RW, LW",5187500
1103,Matthew Carle,LD,700000
1104,Calle Jarnkrok,"LW, C, RW",2000000
1105,Danny DeKeyser,LD,5000000
1106,Vladislav Namestnikov,"RW, LW, C",1937500
1107,Brandon Manning,LD,975000
1108,Brayden Schenn,"C, LW",5125000
1109,Frank Corrado,RD,600000
1110,Peter Holland,C,1300000
1111,Luke Schenn,RD,1250000
1112,Chris Kreider,LW,4625000
1113,Connor Carrick,RD,750000
1114,Kevin Hayes,C,2600000
1115,Josh Leivo,"RW, LW",612500
1116,Mikhail Grigorenko,"C, LW",1300000
1117,Marcus Johansson,"C, LW, RW",4583333
1118,Alex Killorn,LW,4450000
1119,Jamie Benn,"LW, C",9500000
1120,Dylan McIlrath,RD,800000
1121,Jaden Schwartz,LW,5350000
1122,Matt Nieto,"LW, RW",735000
1123,Ryan Murphy,RD,787500
1124,Marcus Foligno,"LW, RW",2250000
1125,Joel Armia,"RW, LW",925000
1126,Luke Glendening,"C, RW, LW",1800000
1127,Adam Lowry,C,1125000
1128,Cory Conacher,LW,575000
1129,Alan Quine,C,612500
1130,Ty Rattie,"RW, LW",650000
1131,Justin Schultz,RD,1400000
1132,Teemu Pulkkinen,LW,812500
1133,Colin Miller,RD,1000000
1134,J.T. Miller,"LW, C",2750000
1135,Victor Rask,C,4000000
1136,Shane Doan,"RW, LW",3876134
1137,Jamie Oleksiak,LD,918750
1138,Scott Mayfield,RD,625000
1139,Korbinian Holzer,RD,700000
1140,Nathan MacKinnon,"C, RW",6300000
1141,Mark Scheifele,C,6125000
1142,Jacob Markstrom,G,3666667
1143,Mathieu Perreault,"LW, RW",4125000
1144,Kyle Palmieri,"RW, LW",4650000
1145,Chris Kelly,"C, LW",900000
1146,Jacob Josefson,"C, LW",1100000
1147,Jared Boll,RW,900000
1148,Derek MacKenzie,"C, LW",1375000
1149,Magnus Paajarvi,"LW, RW",700000
1150,Calvin Pickard,G,1000000
1151,Darcy Kuemper,G,1550000
1152,Jordin Tootoo,RW,750000
1153,Phillip Danault,C,912500
1154,Reilly Smith,"RW, LW",5000000
1155,Vincent Trocheck,"C, RW",4750000
1156,Jason Demers,RD,4500000
1157,Pierre-Alexandre Parenteau,RW,1250000
1158,Roman Polak,RD,2250000
1159,Anders Nilsson,G,1000000
1160,Darren Helm,"C, LW, RW",3850000
1161,David Schlemko,LD,2100000
1162,Justin Falk,LD,650000
1163,Alexey Marchenko,RD,1450000
1164,Nathan Gerbe,"LW, RW",600000
1165,Devante Smith-Pelly,"RW, LW",1300000
1166,Troy Brouwer,"LW, RW",4500000
1167,Frans Nielsen,"C, LW",5250000
1168,John-Michael Liles,LD,2000000
1169,Daniel Carr,LW,725000
1170,Shane Prince,LW,850000
1171,Eric Staal,C,3500000
1172,Dan Hamhuis,LD,3750000
1173,Loui Eriksson,"LW, RW",6000000
1174,David Backes,"C, RW",6000000
1175,Jamie McGinn,"LW, RW",3333333
1176,Jason Chimera,"LW, RW",2250000
1177,Thomas Vanek,"LW, RW",2600000
1178,Patrick Wiercioch,LD,800000
1179,Kenny Agostino,LW,625000
1180,Zach Trotman,RD,650000
1181,Michael Latta,C,600000
1182,Brett Connolly,"RW, LW",850000
1183,Fedor Tyutin,LD,2000000
1184,Viktor Stalberg,"LW, RW",1500000
1185,Beau Bennett,"RW, LW",725000
1186,Brian Campbell,LD,1500000
1187,Victor Hedman,LD,7875000
1188,David Perron,"RW, LW",3750000
1189,Andrew Ladd,LW,5500000
1190,Aaron Ekblad,RD,7500000
1191,Milan Lucic,LW,6000000
1192,Kyle Okposo,RW,6000000
1193,Klas Dahlbeck,LD,750000
1194,Philip Larsen,D,1025000
1195,Michael Grabner,"LW, RW",1650000
1196,Teddy Purcell,"RW, LW",1600000
1197,Mikkel Boedker,"LW, RW",4000000
1198,Anton Khudobin,G,1200000
1199,Jake Allen,G,4350000
1200,Jayson Megna,RW,600000
1201,Carter Hutton,G,1125000
1202,Dale Weise,"RW, LW",2350000
1203,Andy Miele,C,600000
1204,Boyd Gordon,C,950000
1205,Ben Lovejoy,RD,2666667
1206,Zach Redmond,RD,612500
1207,Jeff Zatkoff,G,900000
1208,Tom Gilbert,RD,1400000
1209,Chad Johnson,G,1700000
1210,Vernon Fiddler,"C, LW",1250000
1211,Yannick Weber,RD,575000
1212,Shawn Matthias,"C, LW",2125000
1213,Brian Strait,LD,600000
1214,Colton Sceviour,RW,950000
1215,Jonathan Marchessault,"LW, RW",750000
1216,Jonas Gustavsson,G,800000
1217,Steve Ott,"C, LW",800000
1218,Patrick Eaves,"RW, LW",1000000
1219,Matt Martin,"LW, RW",2500000
1220,Al Montoya,G,950000
1221,Riley Nash,"C, RW",900000
1222,James Reimer,G,3400000
1223,Kevin Connauton,LD,1000000
1224,Lee Stempniak,RW,2500000
1225,Joe Colborne,"C, LW, RW",2500000
1226,Chris Stewart,"RW, LW",1150000
1227,Ryan White,C,1000000
1228,Torey Krug,LD,5250000
1229,Michal Rozsival,RD,600000
1230,Brandon Mashinter,LW,575000
1231,Jake McCabe,LD,1600000
1232,Tom Wilson,RW,2000000
1233,Seth Jones,RD,5400000
1234,Steven Stamkos,"C, RW",8500000
1235,Jason Zucker,"LW, RW",2000000
1236,Tomas Hertl,"C, RW",3000000
1237,Emerson Etem,"LW, RW",775000
1238,Alex Chiasson,RW,800000
1239,Iiro Pakarinen,RW,725000
1240,Drew Miller,"LW, RW",1025000
1241,Andrew Shaw,"C, RW",3900000
1242,Kyle Brodziak,C,950000
1243,Filip Forsberg,LW,6000000
1244,Trevor Lewis,RW,2000000
1245,Andreas Martinsen,C,640000
1246,J.T. Brown,RW,1250000
1247,Jordie Benn,LD/RD,1100000
1248,Cedric Paquette,"C, LW",812500
1249,Keith Yandle,LD,6350000
1250,Radko Gudas,RD,3350000
1251,William Karlsson,C,1000000
1252,Dennis Rasmussen,C,575000
1253,Scottie Upshall,LW,900000
1254,Alex Goligoski,LD/RD,5475000
1255,Michael Hutchinson,G,1150000
1256,Frederik Andersen,G,5000000
1257,Nicolas Deslauriers,"RW, LW",775000
1258,Sami Vatanen,LD/RD,4875000
1259,Cam Ward,G,3300000
1260,Sven Baertschi,LW,1850000
1261,Dmitrij Jaskin,"RW, LW",1000000
1262,Richard Panik,"LW, RW",875000
1263,Riley Sheahan,"LW, C",2075000
1264,Mark Barberio,LD,750000
1265,Sven Andrighetto,"RW, LW",650000
1266,Brett Ritchie,RW,875000
1267,Brayden McNabb,LD,1700000
1268,Kevan Miller,RD,2500000
1269,Zack Kassian,RW,1500000
1270,Erik Gudbranson,RD,3500000
1271,Jaromir Jagr,RW,4000000
1272,Antti Raanta,G,1000000
1273,Johan Larsson,"C, LW",950000
1274,Markus Granlund,"RW, LW, C",900000
1275,Joakim Nordstrom,"LW, RW",1275000
1276,Nazem Kadri,C,4500000
1277,Morgan Rielly,LD,5000000
1278,Joel Edmundson,LD,1050000
1279,Ray Emery,G,600000
1280,Chris Wagner,"RW, C",637500
1281,Dalton Prout,RD,1575000
1282,Stephen Johns,RD,725000
1283,Tom Kuhnhackl,RW,625000
1284,Scott Wilson,LW,625000
1285,Bryan Rust,"RW, LW",640000
1286,Viktor Svedberg,LD,750000
1287,Marcus Kruger,C,3083333
1288,Kyle Baun,RW,625000
1289,Scott Gomez,C,575000
1290,Miikka Salomaki,"LW, RW",612500
1291,Brandon Davidson,LD,1425000
1292,Boone Jenner,"C, LW",2900000
1293,Michael Raffl,"LW, RW",2350000
1294,Chris Neil,RW,1500000
1295,Olli Maatta,LD,4083333
1296,Anthony Bitetto,LD,612500
1297,Braydon Coburn,LD,3700000
1298,Shawn Thornton,"LW, RW",600000
1299,Chris Wideman,RD,800000
1300,Paul Byron,"LW, RW",1166667
1301,Taylor Chorney,RD,800000
1302,Ryan Murray,LD,2825000
1303,Dustin Byfuglien,RD,7600000
1304,Alex Biega,RD,750000
1305,Aleksander Barkov,C,5900000
1306,Cam Talbot,G,4166666
1307,Anze Kopitar,C,10000000
1308,Mike Richards,C,1000000
1309,Jared Spurgeon,RD,5187500
1310,Dainius Zubrus,LW,600000
1311,Justin Abdelkader,"LW, RW",4250000
1312,Tomas Plekanec,C,6000000
1313,Kyle Cumiskey,LD,575000
1314,Eric Boulton,LW,575000
1315,Simon Despres,RD,3700000
1316,Tomas Fleischmann,LW,750000
1317,Jonas Gustavsson,G,700000
1318,Eddie Lack,G,2750000
1319,Lee Stempniak,RW,850000
1320,Brad Boyes,"RW, C",700000
1321,Brent Seabrook,RD,6875000
1322,Erik Johnson,RD,6000000
1323,John Gibson,G,2300000
1324,Michal Rozsival,RD,600000
1325,Oscar Klefbom,LD,4167000
1326,Marek Zidlicky,RD,1500000
1327,Steve Bernier,RW,750000
1328,Jonathan Huberdeau,LW,3250000
1329,Brock Nelson,"C, LW",2500000
1330,Jiri Tlusty,C,800000
1331,Marcus Kruger,C,1500000
1332,Cody Franson,RD,3325000
1333,David Schlemko,LD,625000
1334,Micheal Ferland,"LW, RW",825000
1335,Daniel Cleary,RW,950000
1336,Cody Eakin,C,3850000
1337,Mark Giordano,LD,6750000
1338,Christian Ehrhoff,LD,1500000
1339,Mike Santorelli,"C, RW",875000
1340,Carl Hagelin,LW,4000000
1341,Jarret Stoll,C,800000
1342,Matt Cullen,"C, LW",800000
1343,Brandon Sutter,"RW, C",4375000
1344,Mike Hoffman,"RW, LW",2000000
1345,Erik Haula,"C, LW",1000000
1346,Jonathan Bernier,G,4150000
1347,Marcus Johansson,"C, LW, RW",3750000
1348,Alex Galchenyuk,"LW, C, RW",2800000
1349,Jakub Voracek,"RW, LW",8250000
1350,Sven Baertschi,LW,900000
1351,Sean Couturier,C,4333333
1352,Eric Fehr,"C, RW",2000000
1353,Derek Stepan,C,6500000
1354,Colin Wilson,"C, LW",3937500
1355,Alex Chiasson,RW,1200000
1356,Paul Byron,"LW, RW",900000
1357,Adam Larsson,RD,4166666
1358,Braden Holtby,G,6100000
1359,Josh Jooris,C,975000
1360,Alexander Semin,"RW, LW",1100000
1361,Tomas Jurco,"RW, LW",900000
1362,Lance Bouma,"C, LW, RW",2200000
1363,Josh Manson,RD,825000
1364,Teemu Pulkkinen,LW,735000
1365,Craig Smith,"RW, C",4250000
1366,Stefan Matteau,LW,612500
1367,Johan Larsson,"C, LW",800000
1368,Calle Jarnkrok,"LW, C, RW",735000
1369,Jesper Fast,RW,950000
1370,Mikhail Grigorenko,"C, LW",675000
1371,Michael Del Zotto,LD,3875000
1372,Justin Schultz,RD,3900000
1373,Ryan Kesler,"C, RW",6875000
1374,Johnny Oduya,LD,3750000
1375,Beau Bennett,"RW, LW",800000
1376,Andy Andreoff,"LW, C",587500
1377,J.T. Miller,"LW, C",874000
1378,Dylan McIlrath,RD,600000
1379,Eric Gelinas,LD,1575000
1380,Mark Pysyk,"RD, RW",1125000
1381,Oscar Lindberg,"LW, C",650000
1382,Emerson Etem,"LW, RW",850500
1383,Taylor Beck,LW,875000
1384,Christian Folin,RD,725000
1385,Chris Stewart,"RW, LW",1700000
1386,Gustav Nyquist,"RW, LW",4750000
1387,Paul Postma,RD,887500
1388,Matt Irwin,LD/RD,800000
1389,John Scott,"LW, D",575000
1390,Martin Marincin,LD,700000
1391,Brian Dumoulin,LD,800000
1392,Jamie Oleksiak,LD,875000
1393,Matt Calvert,"LW, RW",2200000
1394,Magnus Paajarvi,"LW, RW",700000
1395,Mikkel Boedker,"LW, RW",3750000
1396,Vladimir Tarasenko,RW,7500000
1397,Trevor van Riemsdyk,RD,825000
1398,Shawn Matthias,"C, LW",2300000
1399,Jimmy Hayes,RW,2300000
1400,Evgeny Kuznetsov,C,3000000
1401,Brett Connolly,"RW, LW",1025000
1402,Anders Nilsson,G,1000000
1403,Nazem Kadri,C,4100000
1404,Dmitrij Jaskin,"RW, LW",775000
1405,Ryan O'Reilly,C,7500000
1406,Brandon Saad,"RW, LW",6000000
1407,Jake Allen,G,2350000
1408,Andrew Desjardins,C,800000
1409,Carlo Colaiacovo,LD,900000
1410,Jayson Megna,RW,600000
1411,Gabriel Bourque,"LW, RW",866250
1412,Kyle Brodziak,C,900000
1413,Robert Bortuzzo,RD,1050000
1414,Mark Letestu,"C, RW",1800000
1415,Korbinian Holzer,RD,750000
1416,Steve Downie,"RW, LW",1750000
1417,Alexander Burmistrov,"C, RW",1550000
1418,Blake Comeau,"LW, RW",2400000
1419,Richard Panik,"LW, RW",975000
1420,Mark Arcobello,"C, RW",1100000
1421,Karri Ramo,G,3800000
1422,Andrej Sekera,LD/RD,5500000
1423,Gregory Campbell,"C, LW",1500000
1424,Barret Jackman,LD,2000000
1425,Antoine Vermette,"C, LW",3750000
1426,Francois Beauchemin,LD,4500000
1427,Paul Martin,LD,4850000
1428,Brad Richards,"C, LW",3000000
1429,Shawn Horcoff,C,1750000
1430,Mike Ribeiro,C,3500000
1431,Viktor Stalberg,"LW, RW",1100000
1432,Cody Hodgson,"C, RW",1050000
1433,Ryan Spooner,"C, LW",950000
1434,Kevin Bieksa,RD,4000000
1435,Artem Anisimov,"C, LW",4550000
1436,Matt Beleskey,LW,3800000
1437,Mikael Granlund,"C, RW",3000000
1438,Mike Green,RD,6000000
1439,Richard Bachman,G,575000
1440,Pierre-Alexandre Parenteau,RW,1500000
1441,Taylor Chorney,RD,700000
1442,Riley Nash,"C, RW",1150000
1443,Jori Lehtera,"LW, C",4700000
1444,Adam Pardy,LD,1000000
1445,Justin Williams,RW,3250000
1446,Yannick Weber,RD,1500000
1447,Matt Bartkowski,RD,1750000
1448,Daniel Winnik,C,2250000
1449,Matt Hunwick,LD,1200000
1450,Erik Condra,RW,1250000
1451,Chris Butler,RD,675000
1452,Martin Jones,G,3000000
1453,Raphael Diaz,RD,700000
1454,Thomas Hickey,LD,2200000
1455,John Moore,LD,1666667
1456,Michal Neuvirth,G,1625000
1457,Nate Prosser,RD,625000
1458,Ryan Carter,"C, LW",625000
1459,Jhonas Enroth,G,1250000
1460,Andy Miele,C,575000
1461,Patrick Eaves,"RW, LW",1150000
1462,Brad Richardson,C,2083333
1463,Anders Lindback,G,875000
1464,Zbynek Michalek,RD,3200000
1465,Drew Stafford,"RW, LW",4350000
1466,Dougie Hamilton,RD,5750000
1467,Andrej Sustr,RD,1450000
1468,Brendan Smith,"LD/RD, LW",2750000
1469,Anders Lee,"LW, C",3750000
1470,Ryan White,C,800000
1471,Brian Flynn,RW,950000
1472,David Rundblad,RD,1050000
1473,Antti Niemi,G,4500000
1474,Linden Vey,"RW, C",1000000
1475,Andrej Nestrasil,"C, RW, LW",912500
1476,Jay Beagle,C,1750000
1477,Brenden Dillon,LD,3270000
1478,Ian Cole,LD/RD,2100000
1479,Chris VandeVelde,"C, LW",712500
1480,Devan Dubnyk,G,4333333
1481,Tyler Toffoli,"LW, RW",3250000
1482,Melker Karlsson,"RW, C",1650000
1483,Joakim Andersson,C,815000
1484,Adam McQuaid,RD,2750000
1485,Mark Stone,RW,3500000
1486,Mika Zibanejad,C,2625000
1487,Chris Terry,"LW, RW",875000
1488,Curtis McElhinney,G,800000
1489,Tim Erixon,LD,600000
1490,Ronalds Kenins,LW,600000
1491,Mikael Backlund,C,3575000
1492,Michal Jordan,LD,625000
1493,Jean-Gabriel Pageau,C,900000
1494,Ben Chiarot,LD,850000
1495,Nate Schmidt,LD/RD,812500
1496,Patrik Nemeth,LD,900000
1497,Anthony Peluso,RW,675000
1498,Jyrki Jokipakka,LD,900000
1499,Philipp Grubauer,G,750000
1500,Torrey Mitchell,"C, RW",1200000
1501,Nathan Beaulieu,LD/RD,1000000
1502,T.J. Brennan,LD,675000
1503,Jeff Petry,RD,5500000
1504,Cody Goloubef,RD,750000
1505,Andrew Hammond,G,1350000
1506,Jordin Tootoo,RW,825000
1507,John Klingberg,RD,4250000
1508,Nail Yakupov,"RW, LW",2500000
1509,Keith Kinkaid,G,725000
1510,Jaromir Jagr,RW,3500000
1511,Brandon Manning,LD,625000
1512,Derek Dorsett,RW,2650000
1513,Luca Sbisa,LD,3600000
1514,Anton Lander,"C, LW, RW",987500
1515,Tanner Pearson,LW,1400000
1516,Christopher Tanev,RD,4450000
1517,Steven Kampfer,RD,612500
1518,Johnny Boychuk,RD,6000000
1519,Torey Krug,LD,3400000
1520,Reilly Smith,"RW, LW",3425000
1521,Mats Zuccarello,"LW, RW",4500000
1522,Cam Atkinson,"RW, LW",3500000
1523,Pierre-Edouard Bellemare,"C, LW",712500
1524,Jay McClement,C,1200000
1525,Kyle Clifford,LW,1600000
1526,Jordan Nolan,LW,950000
1527,Nick Leddy,LD,5500000
1528,Nick Schultz,LD,2250000
1529,Rob Klinkhammer,"LW, RW, C",725000
1530,Tim Jackman,RW,700000
1531,Marc Methot,LD,4900000
1532,Marc Staal,LD,5700000
1533,Sergei Bobrovsky,G,7425000
1534,Nick Bjugstad,"C, RW",4100000
1535,Cam Talbot,G,1450000
1536,Ilya Bryzgalov,G,2880000
1537,Alec Martinez,LD,4000000
1538,Martin Brodeur,G,700000
1539,Brendan Gallagher,RW,3750000
1540,Marco Scandella,LD,4000000
1541,Jason Spezza,"C, RW",7500000
1542,Marc-Andre Fleury,G,5750000
1543,Charlie Coyle,"C, RW",3200000
1544,TJ Brodie,RD,4650400
1545,Jake Muzzin,LD,4000000
1546,Eric Gelinas,LD,900000
1547,Jonas Brodin,LD,4166667
1548,Simon Gagne,RW,600000
1549,Ryan Johansen,"C, RW",4000000
1550,Jaden Schwartz,LW,2350000
1551,Torey Krug,LD,1400000
1552,Brenden Dillon,LD,1250000
1553,Shane O'Brien,LD,650000
1554,Raphael Diaz,RD,700000
1555,Ryan Ellis,RD,2500000
1556,Cody McLeod,"LW, RW",1333333
1557,Daniel Carcillo,LW,550000
1558,Bobby Ryan,"RW, LW",7250000
1559,Brad Stuart,RD,3600000
1560,Cody Eakin,C,1900000
1561,Reilly Smith,"RW, LW",1400000
1562,John Moore,LD,850500
1563,Nino Niederreiter,"LW, RW",2666667
1564,Darcy Kuemper,G,1250000
1565,Danny DeKeyser,LD,2187500
1566,Justin Braun,RD,3800000
1567,Devante Smith-Pelly,"RW, LW",800000
1568,Ryan Malone,LW,700000
1569,David Krejci,C,7250000
1570,Tyson Barrie,RD,2600000
1571,Justin Schultz,RD,3675000
1572,Zac Rinaldo,LW,850000
1573,Lance Bouma,"C, LW, RW",775000
1574,Craig Anderson,G,4200000
1575,Devin Setoguchi,RW,750000
1576,Clarke MacArthur,LW,4650000
1577,Mark Borowiecki,LD,1100000
1578,Michael Del Zotto,LD,1300000
1579,Patrick Maroon,"LW, RW",2000000
1580,Ryan White,C,575000
1581,Taylor Beck,LW,550000
1582,Brandon Sutter,"RW, C",3300000
1583,P.K. Subban,RD,9000000
1584,Ben Bishop,G,5950000
1585,TJ Galiardi,LW,700000
1586,Robin Lehner,G,2225000
1587,Nick Spaling,"C, LW",2200000
1588,Dwight King,"LW, RW",1950000
1589,Andy Greene,LD/RD,5000000
1590,Michael Frolik,"LW, RW",3300000
1591,Jimmy Hayes,RW,925000
1592,Justin Fontaine,RW,1000000
1593,Jake Gardiner,LD,4050000
1594,Daniel Winnik,C,1300000
1595,Tomas Tatar,"LW, RW",2750000
1596,Derick Brassard,"LW, C",5000000
1597,James Reimer,G,2300000
1598,Lars Eller,C,3500000
1599,Joe Colborne,"C, LW, RW",1275000
1600,Ryan O'Reilly,C,6000000
1601,Simon Despres,RD,900000
1602,Chris Kreider,LW,2475000
1603,Cody Franson,RD,3300000
1604,Lee Stempniak,RW,900000
1605,Andre Benoit,LD,800000
1606,David Booth,LW,1100000
1607,Sami Vatanen,LD/RD,1262500
1608,Mats Zuccarello,"LW, RW",3500000
1609,Antoine Roussel,LW,2000000
1610,Vladimir Sobotka,"LW, C",2725000
1611,Dmitry Kulikov,LD,4333333
1612,Matthew Lombardi,C,800000
1613,Brandon Pirri,"RW, LW",925000
1614,Jason Demers,RD,3400000
1615,Tyler Ennis,"C, LW, RW",4600000
1616,Jordan Caron,RW,600000
1617,Peter Holland,C,775000
1618,Carter Ashton,RW,850500
1619,Matt Bartkowski,RD,1250000
1620,Dylan Olsen,LD,775000
1621,Mike Ribeiro,C,1050000
1622,Brayden McNabb,LD,650000
1623,Jacob Josefson,"C, LW",800000
1624,Casey Cizikas,C,1000000
1625,Tim Erixon,LD,600000
1626,Derek Roy,C,1000000
1627,Brandon Dubinsky,"C, LW",5850000
1628,Brenden Morrow,LW,1550000
1629,David Moss,RW,800000
1630,Scott Hannan,D,1000000
1631,Daniel Cleary,RW,1500000
1632,Erik Gudbranson,RD,2500000
1633,Trevor Smith,C,550000
1634,Steve Ott,"C, LW",2600000
1635,Cory Schneider,G,6000000
1636,Patrick Kane,RW,10500000
1637,Jonathan Toews,C,10500000
1638,Mattias Ekholm,LD,1037500
1639,Dany Heatley,LW,1000000
1640,Corey Tropp,"RW, LW",625000
1641,Cody Almond,"C, LW",550000
1642,James Sheppard,C,1300000
1643,Jeff Petry,RD,3075000
1644,Anton Volchenkov,D,1000000
1645,Jussi Rynnas,G,562500
1646,Tommy Wingels,"RW, LW",2475000
1647,David Legwand,"C, LW",3000000
1648,David Savard,RD,1300000
1649,Christopher Tanev,RD,2000000
1650,Yannick Weber,RD,850000
1651,Zack Kassian,RW,1750000
1652,Andrej Sustr,RD,874125
1653,Radim Vrbata,RW,5000000
1654,Tim Gleason,D,1200000
1655,Paul Byron,"LW, RW",600000
1656,Troy Bodie,RW,600000
1657,Vernon Fiddler,"C, LW",1250000
1658,Mike Santorelli,"C, RW",1500000
1659,Mikhail Grabovski,"C, RW",5000000
1660,Nick Schultz,LD,1250000
1661,Jay McClement,C,1000000
1662,Steve Downie,"RW, LW",1000000
1663,Olli Jokinen,C,2500000
1664,John Scott,"LW, D",700000
1665,Nikolai Kulemin,"LW, RW",4187500
1666,Matt Niskanen,RD,5750000
1667,Thomas Vanek,"LW, RW",6500000
1668,Mason Raymond,LW,3150000
1669,Benoit Pouliot,LW,4000000
1670,Mike Cammalleri,"LW, C",5000000
1671,Jussi Jokinen,"LW, RW",4000000
1672,Brooks Orpik,LD,5500000
1673,Dan Boyle,LD,4500000
1674,Willie Mitchell,LD,4250000
1675,Brian Gionta,RW,4250000
1676,Dave Bolland,C,5500000
1677,Dominic Moore,"C, LW",1500000
1678,Ryan Miller,G,6000000
1679,Matt Moulson,LW,5000000
1680,Mike Weaver,D,1750000
1681,Nikolai Khabibulin,G,1700000
1682,Cory Conacher,LW,600000
1683,Luke Gazdic,LW,800000
1684,Michael Latta,C,575000
1685,Keith Aulie,D,800000
1686,Ray Emery,G,1000000
1687,Brad Richards,"C, LW",2000000
1688,Christian Ehrhoff,LD,4000000
1689,Paul Stastny,"C, LW",7000000
1690,Jarome Iginla,RW,5333333
1691,Riley Sheahan,"LW, C",950000
1692,Petr Mrazek,G,737500
1693,Marcus Foligno,"LW, RW",1875000
1694,Adam Larsson,RD,900000
1695,Martin Havlat,LW,1500000
1696,Leo Komarov,"RW, LW, C",2950000
1697,Jeff Schultz,LD,850000
1698,Blake Comeau,"LW, RW",700000
1699,Brian Boyle,"LW, C",2000000
1700,Matt Frattin,RW,800000
1701,Al Montoya,G,1050000
1702,Shawn Thornton,"LW, RW",1200000
1703,Derek MacKenzie,"C, LW",1300000
1704,Jonas Hiller,G,4500000
1705,Deryk Engelland,RD,2916667
1706,Chad Johnson,G,1300000
1707,Manny Malhotra,C,850000
1708,Andrej Meszaros,RD,4125000
1709,Peter Regin,C,650000
1710,Marcel Goc,C,1200000
1711,Thomas Greiss,G,1000000
1712,Steve Bernier,RW,600000
1713,Ales Hemsky,RW,4000000
1714,Patrick Eaves,"RW, LW",650000
1715,Matt Hunwick,LD,600000
1716,T.J. Brennan,LD,600000
1717,Anders Lindback,G,925000
1718,Clayton Stoner,LD,3250000
1719,Chris Mueller,C,600000
1720,Mathieu Perreault,"LW, RW",3000000
1721,Devan Dubnyk,G,800000
1722,Tanner Glass,LW,1450000
1723,Jiri Tlusty,C,2950000
1724,Mark Fayne,RD,3625000
1725,Adam Cracknell,RW,600000
1726,Justin Peters,G,950000
1727,Stephen Gionta,"C, RW",850000
1728,Jason LaBarbera,G,750000
1729,Kyle Quincey,RD,4250000
1730,Jesse Winchester,"C, RW, LW",900000
1731,Zach Redmond,RD,750000
1732,Nick Holden,LD,1650000
1733,Brad Malone,"C, LW",650000
1734,Cody McCormick,"C, RW, LW",1500000
1735,Joe Vitale,"C, RW",1116667
1736,Chris Thorburn,"RW, LW",1200000
1737,Adam Pardy,LD,700000
1738,Dalton Prout,RD,1075000
1739,Mark Barberio,LD,874125
1740,Jeremy Morin,"LW, RW",800000
1741,Antti Raanta,G,750000
1742,Ben Smith,"RW, C",1500000
1743,Matt Greene,RD,2500000
1744,Patrik Berglund,"C, LW",3700000
1745,Brayden Schenn,"C, LW",2500000
1746,J.T. Brown,RW,950000
1747,Marian Gaborik,RW,4875000
1748,Nikita Nikitin,LD,4500000
1749,Eric Gryba,RD,1250000
1750,Jonas Gustavsson,G,1850000
1751,Ryan Callahan,RW,5800000
1752,Ron Hainsey,RD,2833333
1753,Nathan Gerbe,"LW, RW",1750000
1754,Andrei Markov,LD,5750000
1755,Curtis McElhinney,G,600000
1756,Jamie McGinn,"LW, RW",2950000
1757,Alex Killorn,LW,2550000
1758,Mattias Tedenby,RW,600000
1759,Alex Stalock,G,1600000
1760,Mike Brown,RW,1200000
1761,Dale Weise,"RW, LW",1025000
1762,Kimmo Timonen,D,2000000
1763,Carter Hutton,G,725000
1764,Marek Zidlicky,RD,3000000
1765,Joakim Lindstrom,C,700000
1766,Tyler Johnson,"RW, C",3333333
1767,Nicolas Deslauriers,"RW, LW",637500
1768,Anton Lander,"C, LW, RW",600000
1769,Chris Summers,LD,600000
1770,Jaroslav Halak,G,4500000
1771,Brian Elliott,G,2500000
1772,Jaromir Jagr,RW,3500000
1773,Andrew MacDonald,RD,5000000
1774,Trevor Lewis,RW,1525000
1775,Luke Glendening,"C, RW, LW",628333
1776,Mark Arcobello,"C, RW",600000
1777,Justin Faulk,LD/RD,4833333
1778,Eric Boulton,LW,650000
1779,Michael Raffl,"LW, RW",1100000
1780,John Mitchell,C,1800000
1781,Reto Berra,G,1450000
1782,Dmitry Orlov,LD/RD,2000000
1783,Mark Stuart,LD,2625000
1784,Chris Phillips,LD,2500000
1785,Brad Boyes,"RW, C",2625000
1786,Ben Scrivens,G,2300000
1787,Brandon Bollig,LW,1250000
1788,Anton Khudobin,G,2250000
1789,Tim Jackman,RW,637500
1790,Kris Russell,LD/RD,2600000
1791,Colton Sceviour,RW,650000
1792,Dan Girardi,RD,5500000
1793,Marc-Andre Cliche,C,700000
1794,Mark Fistric,D,1266666
1795,Ryan Garbutt,LW,1800000
1796,Semyon Varlamov,G,5900000
1797,Patrick Marleau,"LW, C",6666667
1798,Joe Thornton,"C, LW",6750000
1799,Kevan Miller,RD,800000
1800,Steve Mason,G,4100000
1801,Jeff Zatkoff,G,600000
1802,Ryan Reaves,RW,1125000
1803,Nate Guenin,RD,800000
1804,Andrew Cogliano,LW,3000000
1805,Dion Phaneuf,LD,7000000
1806,Alexander Steen,"LW, RW, C",5800000
1807,Henrik Lundqvist,G,8500000
1808,Nick Bonino,C,1900000
1809,Jonathan Ericsson,LD,4250000
1810,Andrew Shaw,"C, RW",2000000
1811,Carlo Colaiacovo,LD,750000
1812,Jason Chimera,"LW, RW",2000000
1813,Ilya Bryzgalov,G,2000000
1814,Henrik Sedin,C,7000000
1815,Daniel Sedin,LW,7000000
1816,Alexei Emelin,LD,4100000
1817,Tom Gilbert,RD,900000
1818,Radek Martinek,RD,600000
1819,Dennis Seidenberg,RD,4000000
1820,Chuck Kobasew,RW,550000
1821,Hal Gill,D,700000
1822,Brad Boyes,"RW, C",1000000
1823,Jannik Hansen,RW,2500000
1824,Derek Stepan,C,3075000
1825,Cody Franson,RD,2000000
1826,Tim Thomas,G,2500000
1827,Brenden Morrow,LW,1500000
1828,Mason Raymond,LW,1000000
1829,Matt Read,"RW, LW",3625000
1830,Ryan Whitney,D,900000
1831,Ryan Nugent-Hopkins,"C, LW",6000000
1832,Jared Boll,RW,1700000
1833,Alex Pietrangelo,RD,6500000
1834,Jared Cowen,LD,3100000
1835,Ron Hainsey,RD,2000000
1836,Daniel Cleary,RW,1750000
1837,Cody Hodgson,"C, RW",4250000
1838,Nazem Kadri,C,2900000
1839,Colin Greening,LW,2650000
1840,Marcus Johansson,"C, LW, RW",2000000
1841,Mikkel Boedker,"LW, RW",2550000
1842,Niklas Hjalmarsson,LD/RD,4100000
1843,Corey Crawford,G,6000000
1844,Teemu Selanne,RW,2000000
1845,Adam Henrique,C,4000000
1846,Cam Atkinson,"RW, LW",1150000
1847,Christopher Tanev,RD,1500000
1848,Mikhail Grabovski,"C, RW",3000000
1849,Andrew Alberts,D,600000
1850,Douglas Murray,D,1500000
1851,Gustav Nyquist,"RW, LW",950000
1852,Mark Fistric,D,900000
1853,Gabriel Landeskog,"LW, C",5571429
1854,David Rundblad,RD,785000
1855,Joakim Andersson,C,732500
1856,Jay Bouwmeester,LD,5400000
1857,Magnus Paajarvi,"LW, RW",1200000
1858,Kyle Clifford,LW,1075000
1859,Blake Comeau,"LW, RW",1000000
1860,TJ Brodie,RD,2125000
1861,Scott Gomez,C,900000
1862,Joe Pavelski,"RW, C",6000000
1863,Mats Zuccarello,"LW, RW",1150000
1864,Mark Fraser,D,1275000
1865,Zach Bogosian,RD,5142857
1866,Nathan Gerbe,"LW, RW",550000
1867,Kyle Palmieri,"RW, LW",1466667
1868,Jordan Schroeder,"C, RW",600000
1869,Dale Weise,"RW, LW",750000
1870,Robert Bortuzzo,RD,600000
1871,Anthony Peluso,RW,562500
1872,Trevor Lewis,RW,1325000
1873,Patrick Wiercioch,LD,2000000
1874,Sam Gagner,"C, RW",4800000
1875,Jaromir Jagr,RW,2000000
1876,Carl Gunnarsson,LD,3150000
1877,Nick Spaling,"C, LW",1500000
1878,Sean Couturier,C,1750000
1879,Jordan Nolan,LW,700000
1880,Jhonas Enroth,G,1250000
1881,Chris Stewart,"RW, LW",4150000
1882,Rich Clune,LW,850000
1883,Dustin Brown,"RW, LW",5875000
1884,Eric Tangradi,LW,675000
1885,Thomas Hickey,LD,675000
1886,Jacob Josefson,"C, LW",725000
1887,Dustin Jeffrey,C,625000
1888,Jordan Caron,RW,640000
1889,Paul Postma,RD,712500
1890,Matt Duchene,"C, LW",6000000
1891,Josh Bailey,"RW, LW",3300000
1892,Brendan Smith,"LD/RD, LW",1262500
1893,Alec Martinez,LD,1100000
1894,Dustin Penner,RW,2000000
1895,Marcus Kruger,C,1287500
1896,Ryan White,C,700000
1897,Patrice Bergeron,C,6875000
1898,Jake Muzzin,LD,1000000
1899,Erik Condra,RW,1250000
1900,Tuukka Rask,G,7000000
1901,Karl Alzner,LD,2800000
1902,Carl Hagelin,LW,2250000
1903,Mikael Backlund,C,1500000
1904,Joe Colborne,"C, LW, RW",600000
1905,Matt D'Agostini,RW,550000
1906,Marek Zidlicky,RD,3000000
1907,Justin Falk,LD,975000
1908,Cal Clutterbuck,RW,2750000
1909,Joe Corvo,D,900000
1910,Ryan McDonagh,LD,4700000
1911,Ryan Jones,LW,1500000
1912,Derek Roy,C,4000000
1913,Adam Pardy,LD,600000
1914,Matt Beleskey,LW,1350000
1915,Mike Ribeiro,C,5500000
1916,Matt Cooke,LW,2500000
1917,Stephen Weiss,C,4900000
1918,Viktor Stalberg,"LW, RW",3000000
1919,Eric Nystrom,"LW, RW",2500000
1920,Lauri Korpikoski,"LW, RW",2500000
1921,Valtteri Filppula,"C, LW",5000000
1922,Nathan Horton,RW,5300000
1923,Tyler Bozak,"C, RW",4200000
1924,Rob Scuderi,LD,3375000
1925,Michal Handzus,C,1000000
1926,Ray Emery,G,1650000
1927,Rostislav Olesz,LW,1000000
1928,Mike Komisarek,RD,700000
1929,Clarke MacArthur,LW,3250000
1930,Ryane Clowe,"LW, RW",4850000
1931,Andrew Ference,RD,3250000
1932,Michael Stone,RD,1150000
1933,Jared Spurgeon,RD,2666667
1934,Jonathan Bernier,G,2900000
1935,Yannick Weber,RD,650000
1936,Jeff Schultz,LD,700000
1937,Keith Ballard,D,1500000
1938,Dominic Moore,"C, LW",1000000
1939,Adam Hall,RW,600000
1940,Jarome Iginla,RW,1800000
1941,Chris Butler,RD,1700000
1942,Jason LaBarbera,G,1000000
1943,Matt Hendricks,"RW, C, LW",1850000
1944,Kris Russell,LD/RD,1500000
1945,Chad Johnson,G,600000
1946,Boyd Gordon,C,3000000
1947,Kent Huskins,D,750000
1948,Maxim Lapierre,C,1100000
1949,Peter Regin,C,750000
1950,Michael Ryder,RW,3500000
1951,Trevor Smith,C,550000
1952,Aaron Johnson,D,600000
1953,Jesse Joensuu,LW,950000
1954,Scott Hannan,D,1000000
1955,Joey Crabb,RW,600000
1956,Pierre-Marc Bouchard,RW,2000000
1957,Matt Cullen,"C, LW",3500000
1958,Thomas Greiss,G,750000
1959,Daniel Alfredsson,RW,3500000
1960,Shawn Matthias,"C, LW",1750000
1961,Brad Richardson,C,1150000
1962,T.J. Brennan,LD,600000
1963,Craig Adams,RW,700000
1964,Michal Rozsival,RD,2200000
1965,Anton Khudobin,G,800000
1966,Chris Summers,LD,550000
1967,Tyler Kennedy,C,2350000
1968,Andre Benoit,LD,900000
1969,Dan Ellis,G,900000
1970,Travis Hamonic,RD,3857143
1971,Kyle Chipchura,"C, RW",875000
1972,Patrik Elias,"C, LW",5500000
1973,Daniel Briere,C,4000000
1974,Claude Giroux,"LW, C, RW",8275000
1975,Al Montoya,G,601000
1976,Keaton Ellerby,D,735000
1977,Brian McGrattan,RW,750000
1978,Nick Leddy,LD,2700000
1979,Grant Clitsome,LD,2066667
1980,Jordan Leopold,D,2250000
1981,Vincent Lecavalier,"C, LW",4500000
1982,Pascal Dupuis,"RW, LW",3750000
1983,TJ Galiardi,LW,1250000
1984,Dainius Zubrus,LW,3100000
1985,Evgeni Malkin,C,9500000
1986,Kris Letang,RD,7250000
1987,Benoit Pouliot,LW,1300000
1988,Bryan Bickell,LW,4000000
1989,Sergei Bobrovsky,G,5625000
1990,Pierre-Cedric Labrie,LW,625000
1991,Peter Harrold,"RD, RW",800000
1992,Mike Smith,G,5666667
1993,Jakub Kindl,LD,2400000
1994,Chris Kunitz,"RW, LW",3850000
1995,Jason Demers,RD,1500000
1996,Ben Lovejoy,RD,1100000
1997,Andrew Desjardins,C,750000
1998,Mike Weber,LD,1666667
1999,James Sheppard,C,830000
2000,Kevin Shattenkirk,RD,4250000
2001,Keith Aulie,D,975000
2002,Artem Anisimov,"C, LW",3283333
2003,Patrik Berglund,"C, LW",3250000
2004,Niklas Backstrom,G,3416666
2005,Raffi Torres,LW,2000000
2006,Slava Voynov,RD,4166666
2007,Victor Bartley,LD,666667
2008,Logan Couture,"C, LW",6000000
2009,Pavel Datsyuk,"C, LW",7500000
2010,Eric Boulton,LW,550000
2011,Mark Streit,RD,5250000
2012,Marco Scandella,LD,1025000
2013,Colton Orr,RW,925000
2014,Davis Drewiske,LD,637500
2015,Roman Josi,LD,4000000
2016,Sergei Gonchar,LD,5000000
2017,Andrei Loktionov,C,725000
2018,Patrick Bordeleau,"LW, RW",1000000
2019,Drew Miller,"LW, RW",1350000
2020,Kimmo Timonen,D,6000000
2021,Robyn Regehr,D,3000000
2022,Tom Sestito,LW,750000
2023,Ian Cole,LD/RD,825000
2024,Adam Cracknell,RW,600000
2025,Curtis McElhinney,G,600000
2026,John Scott,"LW, D",750000
2027,Rob Klinkhammer,"LW, RW, C",625000
2028,Radko Gudas,RD,991667
2029,Michal Neuvirth,G,2400000
2030,Eric Fehr,"C, RW",1500000
2031,Aaron Volpatti,LW,575000
2032,Matt Calvert,"LW, RW",987500
2033,Joey MacDonald,G,925000
2034,Zac Rinaldo,LW,750000
2035,Jay Rosehill,LW,675000
2036,Jimmy Howard,G,5291666
2037,Ben Bishop,G,2300000
2038,Carl Soderberg,"C, LW",1008333
2039,Peter Budaj,G,1400000
2040,Steve Mason,G,1500000
2041,Chris Porter,LW,675000
2042,Matt Irwin,LD/RD,1000000
2043,Chris Higgins,LW,2500000
2044,Mark Letestu,"C, RW",1250000
2045,Jack Hillen,D,700000
2046,B.J. Crombeen,RW,1150000
2047,Ladislav Smid,LD,3500000
2048,Lubomir Visnovsky,RD,4750000
2049,Mats Zuccarello,"LW, RW",700000
2050,Matt Bartkowski,RD,650000
2051,Alexander Semin,"RW, LW",7000000
2052,Nate Thompson,C,1600000
2053,Patrick Maroon,"LW, RW",575000
2054,Francis Bouillon,LD,1500000
2055,Corey Perry,RW,8625000
2056,Colin McDonald,RW,637500
2057,David Desharnais,C,3500000
2058,Oliver Ekman-Larsson,LD,5500000
2059,Ryan Getzlaf,C,8250000
2060,Korbinian Holzer,RD,787500
2061,Ryan O'Reilly,C,5000000
2062,Brian Lashoff,LD,725000
2063,David Schlemko,LD,1187500
2064,Braden Holtby,G,1850000
2065,John Erskine,D,1962500
2066,Viktor Fasth,G,2900000
2067,Brian Strait,LD,775000
2068,P.K. Subban,RD,3109375
2069,Jamie Benn,"LW, C",5250000
2070,Scott Gomez,C,700000
2071,Joffrey Lupul,"LW, RW",5250000
2072,Wade Redden,D,1000000
2073,Alexander Edler,LD,5000000
2074,Dmitry Kulikov,LD,2500000
2075,Travis Zajac,C,5750000
2076,Radek Martinek,RD,600000
2077,Michael Del Zotto,LD,2550000
2078,Cody Franson,RD,1200000
2079,Kurtis Foster,D,950000
2080,Cam Barker,LD,700000
2081,Dan Ellis,G,650000
2082,Eric Fehr,"C, RW",600000
2083,Rich Peverley,C,3250000
2084,Gabriel Bourque,"LW, RW",775000
2085,Carlo Colaiacovo,LD,2500000
2086,Milan Lucic,LW,6000000
2087,Kevin Klein,RD,2900000
2088,Alexandre Burrows,"RW, LW",4500000
2089,Shane Doan,"RW, LW",5300000
2090,Tyler Ennis,"C, LW, RW",2812500
2091,Cam Fowler,LD,4000000
2092,John Carlson,RD,3966667
2093,Matt Martin,"LW, RW",1000000
2094,Justin Abdelkader,"LW, RW",1800000
2095,Evander Kane,"LW, RW",5250000
2096,Kari Lehtonen,G,5900000
2097,Craig Smith,"RW, C",2000000
2098,Troy Brouwer,"LW, RW",3666667
2099,Tyler Seguin,"C, RW",5750000
2100,Michal Rozsival,RD,2000000
2101,Steve Eminger,D,750000
2102,Brad Marchand,LW,4500000
2103,Zack Smith,"LW, C",1887500
2104,Patrick Dwyer,RW,900000
2105,Jordan Eberle,RW,6000000
2106,Kyle Turris,C,3500000
2107,Taylor Hall,LW,6000000
2108,Scott Hartnell,LW,4750000
2109,Mike Fisher,C,4200000
2110,Scott Hannan,D,1000000
2111,Wayne Simmonds,"RW, LW",3975000
2112,Max Pacioretty,LW,4500000
2113,Jean-Sebastien Giguere,G,1500000
2114,Bobby Butler,RW,525000
2115,Patrick Kaleta,RW,1250000
2116,Toby Enstrom,LD,5750000
2117,Anton Stralman,RD,1700000
2118,Alexander Semin,"RW, LW",7000000
2119,Jakub Voracek,"RW, LW",4250000
2120,Dale Weise,"RW, LW",615000
2121,Shea Weber,RD,7857143
2122,Colin Wilson,"C, LW",2000000
2123,Jay Harrison,LD,1500000
2124,Sergei Kostitsyn,"RW, LW",3000000
2125,Kris Versteeg,"LW, RW",4400000
2126,Mark Fayne,RD,1300000
2127,Kaspars Daugavins,"C, LW",635000
2128,Mark Fistric,D,1475000
2129,Sam Gagner,"C, RW",3200000
2130,Nikolai Kulemin,"LW, RW",2800000
2131,Daniel Winnik,C,1800000
2132,T.J. Oshie,"RW, C",4175000
2133,Darren Helm,"C, LW, RW",2125000
2134,Jim O'Brien,C,637500
2135,Paul Postma,RD,550000
2136,Kyle Quincey,RD,3775000
2137,Mike Green,RD,6083333
2138,Dwight King,"LW, RW",750000
2139,Ryan Garbutt,LW,575000
2140,Philip Larsen,D,1025000
2141,Jamie McGinn,"LW, RW",1750000
2142,Raphael Diaz,RD,1225000
2143,Teemu Selanne,RW,4500000
2144,Richard Bachman,G,625000
2145,Nick Bonino,C,700000
2146,Kyle Wellwood,C,1600000
2147,Marc-Edouard Vlasic,LD/RD,4250000
2148,Carl Sneep,D,525000
2149,Peter Mueller,C,1725000
2150,Wojtek Wolski,RW,600000
2151,Jamie Langenbrunner,RW,1250000
2152,Chris Neil,RW,1900000
2153,Jeff Halpern,C,700000
2154,Teddy Purcell,"RW, LW",4500000
2155,Mason Raymond,LW,2275000
2156,TJ Galiardi,LW,950000
2157,Korbinian Holzer,RD,575000
2158,Lars Eller,C,1150000
2159,Tom Wandell,"C, RW",892500
2160,Keaton Ellerby,D,700000
2161,Anders Lindback,G,1800000
2162,Kyle Chipchura,"C, RW",675000
2163,Nick Foligno,"LW, C, RW",3083333
2164,Devan Dubnyk,G,3500000
2165,Derek Joslin,LD,750000
2166,Jeff Petry,RD,1750000
2167,Justin Falk,LD,825000
2168,Mikael Backlund,C,725000
2169,David Perron,"RW, LW",3812500
2170,Krys Barch,LW,750000
2171,Bruno Gervais,D,825000
2172,Mathieu Perreault,"LW, RW",1050000
2173,Jay Beagle,C,900000
2174,Frazer McLaren,LW,700000
2175,Ryan Suter,LD,7538462
2176,Zach Parise,LW,7538462
2177,Matthew Carle,LD,5500000
2178,Steve Sullivan,LW,1850000
2179,Jason Garrison,LD,4600000
2180,Al Montoya,G,601000
2181,Erik Johnson,RD,3750000
2182,Bryce Salvador,D,3166667
2183,Jack Hillen,D,650000
2184,Johan Hedberg,G,1400000
2185,Carey Price,G,6500000
2186,Eric Boulton,LW,540000
2187,Jiri Hudler,"LW, RW",4000000
2188,Martin Brodeur,G,4500000
2189,Sami Salo,D,3750000
2190,Sidney Crosby,C,8700000
2191,Filip Kuba,D,4000000
2192,Greg Zanon,D,2250000
2193,Aaron Rome,D,1500000
2194,Jordin Tootoo,RW,1900000
2195,Adam Burish,RW,1850000
2196,Pierre-Alexandre Parenteau,RW,4000000
2197,Jonathan Quick,G,5800000
2198,Mikael Samuelsson,RW,3000000
2199,Chris Mason,G,1250000
2200,Joe Corvo,D,2000000
2201,Francis Bouillon,LD,1500000
2202,Colby Armstrong,RW,1000000
2203,Benoit Pouliot,LW,1800000
2204,John Mitchell,C,1100000
2205,Ray Whitney,LW,4500000
2206,Ryan Smyth,LW,2250000
2207,Darcy Hordichuk,LW,850000
2208,Mike Lundin,LD,1150000
2209,George Parros,RW,937500
2210,Dustin Penner,RW,3250000
2211,Alexei Ponikarovsky,LW,1800000
2212,Brad Staubitz,RW,637500
2213,Joey Crabb,RW,950000
2214,Scott Clemmensen,G,1200000
2215,Matt Carkner,D,1500000
2216,Stu Bickel,"D, RW",750000
2217,Torrey Mitchell,"C, RW",1900000
2218,Tanner Glass,LW,1100000
2219,Jay McClement,C,1500000
2220,Matt Frattin,RW,875000
2221,John Scott,"LW, D",600000
2222,Bryan Allen,D,3500000
2223,Michael Leighton,G,900000
2224,Brian McGrattan,RW,600000
2225,Brad Boyes,"RW, C",1000000
2226,Brandon Prust,"LW, C",2500000
2227,Olli Jokinen,C,4500000
2228,Sheldon Souray,D,3666667
2229,David Moss,RW,2100000
2230,Jonas Gustavsson,G,1500000
2231,Alexei Emelin,LD,2000000
2232,Lee Stempniak,RW,2500000
2233,Paul Gaustad,"C, LW",3250000
2234,Martin Biron,G,1300000
2235,Steve Downie,"RW, LW",2650000
2236,Peter Harrold,"RD, RW",525000
2237,Steve Bernier,RW,775000
2238,Travis Moen,"LW, RW",1850000
2239,Stephen Gionta,"C, RW",562500
2240,Blair Jones,C,650000
2241,Ryan Carter,"C, LW",775000
2242,Matt Niskanen,RD,2300000
2243,Jared Boll,RW,1050000
2244,Hal Gill,D,2000000
2245,Tuukka Rask,G,3500000
2246,Petteri Nokelainen,RW,575000
2247,Brian Lee,D,1150000
2248,Matt Kassian,C,575000
2249,Cory Schneider,G,4000000
2250,Nikita Nikitin,LD,2150000
2251,Brendan Mikkelson,D,600000
2252,Blake Comeau,"LW, RW",1250000
2253,Tommy Wingels,"RW, LW",775000
2254,Ryan White,C,687500
2255,Andrew Desjardins,C,640000
2256,Shane O'Brien,LD,2000000
2257,Ryan Wilson,LD,2250000
2258,Ondrej Pavelec,G,3900000
2259,Matt Duchene,"C, LW",3500000
2260,Colin Fraser,C,825000
2261,Jarret Stoll,C,3250000
2262,Erik Karlsson,RD,6500000
2263,Josh Harding,G,1900000
2264,Barret Jackman,LD,3166667
2265,Jesse Joensuu,LW,600000
2266,Adam Hall,RW,650000
2267,Brad Stuart,RD,3600000
2268,Chris Stewart,"RW, LW",3000000
2269,Jim Slater,C,1600000
2270,Chris Kelly,"C, LW",3000000
2271,Gregory Campbell,"C, LW",1600000
2272,Dennis Wideman,RD,5250000
2273,David Jones,RW,4000000
2274,Matt Hunwick,LD,1600000
2275,Cody McLeod,"LW, RW",1150000
2276,Tomas Vokoun,G,2000000
2277,Daniel Paille,LW,1300000
2278,Derek MacKenzie,"C, LW",1000000
2279,Johnny Oduya,LD,3375000
2280,Jamal Mayers,RW,600000
2281,Clayton Stoner,LD,1050000
2282,Peter Regin,C,800000
2283,Jiri Tlusty,C,1600000
2284,Jamie McBain,RD,1800000
2285,Nicklas Grossmann,LD,3500000
2286,Ray Emery,G,1150000
2287,Sebastien Caron,G,525000
2288,Shawn Thornton,"LW, RW",1100000
2289,Daniel Carcillo,LW,825000
2290,Mikhail Grabovski,"C, RW",5500000
2291,Tim Jackman,RW,612500
2292,Ben Bishop,G,650000
2293,Ales Hemsky,RW,5000000
2294,Willie Mitchell,LD,3500000
2295,Todd Bertuzzi,RW,2075000
2296,Tuomo Ruutu,"LW, RW",4750000
2297,James Neal,"RW, LW",5000000
2298,Kyle Brodziak,C,2833333
2299,Tyson Strachan,RD,600000
2300,Johnny Boychuk,RD,3366667
2301,Andy Sutton,D,1500000
2302,Derek Smith,LD,775000
2303,Vaclav Prospal,LW,2500000
2304,Nate Prosser,RD,825000
2305,Frans Nielsen,"C, LW",2750000
2306,Joe Vitale,"C, RW",550000
2307,Tim Gleason,D,4000000
2308,John-Michael Liles,LD,3875000
2309,Alex Goligoski,LD/RD,4600000
2310,Francois Beauchemin,LD,3500000
2311,Brett Lebda,LW,700000
2312,Brian Elliott,G,1800000
2313,Tom Pyatt,C,600000
2314,Corey Potter,RD,775000
2315,Ryan Reaves,RW,600000
2316,Mike Weaver,D,1100000
2317,Victor Hedman,LD,4000000
2318,David Krejci,C,5250000
2319,Dana Tyrell,C,600000
2320,Kyle Turris,C,1400000
2321,Braydon Coburn,LD,4500000
2322,Pekka Rinne,G,7000000
2323,Anton Stralman,RD,900000
2324,Niklas Kronwall,LD,4750000
2325,Chris Kunitz,"RW, LW",3725000
2326,Martin Hanzal,C,3100000
2327,Paul Bissonnette,LW,737500
2328,Ray Emery,G,600000
2329,Brad Winchester,LW,725000
2330,Drew Doughty,RD,7000000
2331,Trent Hunter,RW,600000
2332,Jason Chimera,"LW, RW",1750000
2333,Chris Campoli,LD,1750000
2334,Mike Modano,C,999999
2335,R.J. Umberger,C,4600000
2336,Kevin Westgarth,RW,725000
2337,Josh Bailey,"RW, LW",1050000
2338,Tyler Myers,RD,5500000
2339,Luke Schenn,RD,3600000
2340,Teemu Selanne,RW,4000000
2341,Brad Marchand,LW,2500000
2342,Zach Bogosian,RD,2500000
2343,Kyle Wellwood,C,700000
2344,Fedor Tyutin,LD,4500000
2345,James van Riemsdyk,LW,4250000
2346,Logan Couture,"C, LW",2875000
2347,Mikkel Boedker,"LW, RW",1100000
2348,Scott Hannan,D,1000000
2349,Shea Weber,RD,7500000
2350,Colin White,LD,1000000
2351,Blake Comeau,"LW, RW",2500000
2352,Brent Burns,RD,5760000
2353,Zach Parise,LW,6000000
2354,Jannik Hansen,RW,1350000
2355,Ryan Callahan,RW,4275000
2356,Mark Fraser,D,550000
2357,Steve Eminger,D,800000
2358,Vaclav Prospal,LW,2500000
2359,Josh Gorges,LD,2500000
2360,Jhonas Enroth,G,675000
2361,Brandon Dubinsky,"C, LW",4200000
2362,Teddy Purcell,"RW, LW",2362500
2363,Lauri Korpikoski,"LW, RW",1800000
2364,Andrew Cogliano,LW,2390000
2365,Andrej Sekera,LD/RD,2750000
2366,Steven Stamkos,"C, RW",7500000
2367,Trevor Lewis,RW,725000
2368,Karl Alzner,LD,1285000
2369,Blake Wheeler,"RW, C",2550000
2370,Sami Lepisto,D,700000
2371,Bobby Butler,RW,1050000
2372,Brian Boyle,"LW, C",1700000
2373,Adam McQuaid,RD,1566667
2374,Brandon Sutter,"RW, C",2066667
2375,Ryan White,C,625000
2376,Derek Smith,LD,700000
2377,Shane O'Brien,LD,1100000
2378,TJ Galiardi,LW,700000
2379,Brad Richardson,C,1175000
2380,Viktor Stalberg,"LW, RW",875000
2381,Ryan Wilson,LD,1275000
2382,Kevin Porter,C,850000
2383,Mike Lundin,LD,1000000
2384,Derek Joslin,LD,700000
2385,Artem Anisimov,"C, LW",1875000
2386,Michael Sauer,D,1250000
2387,Sergei Kostitsyn,"RW, LW",2500000
2388,Alec Martinez,LD,737500
2389,Maxime Talbot,"C, LW",1800000
2390,Matt Halischuk,RW,712500
2391,Nick Spaling,"C, LW",1050000
2392,Wayne Simmonds,"RW, LW",1750000
2393,Cal O'Reilly,C,1050000
2394,Jamie Langenbrunner,RW,2500000
2395,Jason Arnott,C,2500000
2396,Colton Gillies,C,625000
2397,Erik Condra,RW,625000
2398,Radek Martinek,RD,2200000
2399,Troy Brouwer,"LW, RW",2350000
2400,Jason LaBarbera,G,1250000
2401,Tyler Bozak,"C, RW",1500000
2402,Mike Santorelli,"C, RW",1600000
2403,Tomas Kaberle,D,4250000
2404,Andrew Ladd,LW,4400000
2405,Darroll Powe,C,1066667
2406,Marc Methot,LD,3000000
2407,Clarke MacArthur,LW,3250000
2408,Keith Yandle,LD,5250000
2409,Mike Weber,LD,950000
2410,Anton Babchuk,RD,2500000
2411,Tomas Vokoun,G,1500000
2412,Niclas Bergfors,RW,575000
2413,Matt Bradley,"RW, LW",950000
2414,Eric Boulton,LW,662500
2415,Brad Richards,"C, LW",6666666
2416,Semyon Varlamov,G,2833333
2417,Ian White,D,2875000
2418,Simon Gagne,RW,3500000
2419,Tim Connolly,C,4750000
2420,Kent Huskins,D,1000000
2421,Anthony Stewart,RW,900000
2422,Sami Salo,D,2000000
2423,Eric Belanger,C,1750000
2424,Ville Leino,LW,4500000
2425,Christian Ehrhoff,LD,4000000
2426,Ed Jovanovski,LD,4125000
2427,James Wisniewski,RD,5500000
2428,Steve Sullivan,LW,1500000
2429,Andreas Lilja,LD,737500
2430,Jamal Mayers,RW,550000
2431,Johan Hedberg,G,1250000
2432,Mike Commodore,D,1000000
2433,Benoit Pouliot,LW,1100000
2434,Drew Miller,"LW, RW",837500
2435,Tyler Kennedy,C,2000000
2436,Chris Butler,RD,1250000
2437,Jakub Voracek,"RW, LW",2250000
2438,Jiri Tlusty,C,525000
2439,Cam Barker,LD,2250000
2440,Sheldon Souray,D,1650000
2441,Paul Mara,D,750000
2442,Jeff Halpern,C,825000
2443,Darcy Hordichuk,LW,825000
2444,Alex Auld,G,1000000
2445,Mike Rupp,C,1333333
2446,Mike Smith,G,2000000
2447,Boyd Gordon,C,1325000
2448,Michal Handzus,C,2500000
2449,Marty Reasoner,C,1350000
2450,Jim Vandermeer,LD,1000000
2451,Ben Eager,LW,1100000
2452,Matt D'Agostini,RW,1650000
2453,Alexei Ponikarovsky,LW,1500000
2454,Michael Ryder,RW,3500000
2455,Chuck Kobasew,RW,1250000
2456,Jan Hejda,D,3250000
2457,Josh Harding,G,750000
2458,Marcel Goc,C,1700000
2459,Mathieu Garon,G,1300000
2460,Andrew Ebbett,C,525000
2461,Daniel Carcillo,LW,775000
2462,Sean Bergenheim,LW,2750000
2463,Tomas Fleischmann,LW,4500000
2464,Jean-Sebastien Giguere,G,1250000
2465,Raffi Torres,LW,1750000
2466,Joel Ward,RW,3000000
2467,Tanner Glass,LW,750000
2468,Vernon Fiddler,"C, LW",1800000
2469,Patrick Eaves,"RW, LW",1200000
2470,Cody McCormick,"C, RW, LW",1200000
2471,Peter Budaj,G,1150000
2472,Andy Greene,LD/RD,3000000
2473,Scottie Upshall,LW,3500000
2474,Chris Higgins,LW,1900000
2475,Adam Pardy,LD,2000000
2476,Tim Brent,C,750000
2477,Radim Vrbata,RW,3000000
2478,Steve Montador,D,2750000
2479,Jonathan Ericsson,LD,3250000
2480,T.J. Oshie,"RW, C",2350000
2481,Jussi Jokinen,"LW, RW",3000000
2482,Ladislav Smid,LD,2250000
2483,Ryan O'Byrne,D,1800000
2484,Chad Larose,"RW, LW",1700000
2485,Nathan Gerbe,"LW, RW",1450000
2486,Adam Hall,RW,600000
2487,Andrew Alberts,D,1225000
2488,Tomas Kopecky,RW,3000000
2489,Jay Rosehill,LW,600000
2490,Yannick Weber,RD,850000
2491,Brooks Laich,"C, LW",4500000
2492,Marc-Andre Bergeron,D,1000000
2493,Pascal Dupuis,"RW, LW",1500000
2494,Joni Pitkanen,LD,4500000
2495,Patrick Dwyer,RW,625000
2496,Kevin Bieksa,RD,4600000
2497,Maxim Lapierre,C,1000000
2498,Bruno Gervais,D,525000
2499,Alex Tanguay,"LW, RW",3500000
2500,Matt Hunwick,LD,1550000
2501,Eric Brewer,D,3875000
2502,Ilya Bryzgalov,G,5666667
2503,Andrei Markov,LD,5750000
2504,Devin Setoguchi,RW,3000000
2505,B.J. Crombeen,RW,1000000
2506,Max Pacioretty,LW,1625000
2507,David Desharnais,C,850000
2508,Henrik Karlsson,G,862500
2509,Nicklas Lidstrom,D,6200000
2510,Jay Harrison,LD,700000
2511,Vladimir Sobotka,"LW, C",1300000
2512,Joakim Lindstrom,C,600000
2513,Carl Gunnarsson,LD,1325000
2514,Nikita Nikitin,LD,600000
2515,Grant Clitsome,LD,1250000
2516,James Reimer,G,1800000
2517,Andrei Kostitsyn,C,3250000
2518,Craig Adams,RW,675000
2519,Drew Stafford,"RW, LW",4000000
2520,Roman Polak,RD,2750000
2521,Erik Cole,LW,4500000
2522,Hal Gill,D,2250000
2523,Patrik Berglund,"C, LW",2250000
2524,Jack Skille,RW,825000
2525,Ryan Jones,LW,1500000
2526,Kyle Okposo,RW,2800000
2527,Petteri Nokelainen,RW,550000
2528,Zack Smith,"LW, C",700000
2529,Colin Greening,LW,816666
2530,Corey Crawford,G,2666667
2531,Curtis Glencross,LW,2550000
2532,Michael Grabner,"LW, RW",3000000
2533,Kari Lehtonen,G,3550000
2534,Keaton Ellerby,D,787500
2535,Al Montoya,G,601000
2536,Craig Anderson,G,3187500
2537,Luca Sbisa,LD,2175000
2538,Antti Niemi,G,3800000
2539,Chris Phillips,LD,3083333
2540,Mark Stuart,LD,1700000
2541,Jimmy Howard,G,2250000
2542,Justin Williams,RW,3825000
2543,Brent Seabrook,RD,5800000
2544,Shane Hnidy,RD,500000
2545,Chris Thorburn,"RW, LW",866667
2546,Matt Hendricks,"RW, C, LW",825000
2547,Pierre-Alexandre Parenteau,RW,1250000
2548,Dustin Byfuglien,RD,5200000
2549,Peter Forsberg,C,1000000
2550,Mike Brown,RW,736667
2551,Nate Thompson,C,900000
2552,Matt Moulson,LW,3133333
2553,Alexander Semin,"RW, LW",6700000
2554,Mark Letestu,"C, RW",625000
2555,Jerred Smithson,C,800000
2556,Milan Jurcina,D,1600000
2557,Deryk Engelland,RD,566667
2558,John Erskine,D,1500000
2559,Trevor Daley,RD,3300000
2560,Jeff Carter,"C, RW",5272727
2561,David Backes,"C, RW",4500000
2562,Claude Giroux,"LW, C, RW",3750000
2563,Mark Giordano,LD,4020000
2564,Joe Thornton,"C, LW",7000000
2565,Paul Mara,D,750000
2566,Andreas Lilja,LD,600000
2567,Zdeno Chara,LD,6500000
2568,Patrice Bergeron,C,5000000
2569,Jordin Tootoo,RW,550000
2570,Jonathan Bernier,G,1250000
2571,Chris Stewart,"RW, LW",2875000
2572,Michal Neuvirth,G,1150000
2573,Steve Mason,G,2900000
2574,Matt Beleskey,LW,737500
2575,Patrick O'Sullivan,LW,600000
2576,Matt Niskanen,RD,1500000
2577,James Neal,"RW, LW",2875000
2578,Marc Staal,LD,3975000
2579,Eric Belanger,C,750000
2580,Bobby Ryan,"RW, LW",5100000
2581,Niclas Bergfors,RW,900000
2582,Peter Mueller,C,2000000
2583,Martin Hanzal,C,1800000
2584,Andrew Cogliano,LW,1000000
2585,Cody Franson,RD,800000
2586,Jeff Halpern,C,600000
2587,Ilya Kovalchuk,"LW, RW",6666666
2588,Carey Price,G,2750000
2589,Antti Niemi,G,2000000
2590,Mike Comrie,C,500000
2591,Doug Weight,D,850000
2592,Lee Stempniak,RW,1900000
2593,Tim Kennedy,LW,550000
2594,Sam Gagner,"C, RW",2275000
2595,Clarke MacArthur,LW,1100000
2596,Nicklas Grossmann,LD,1625000
2597,Steve Downie,"RW, LW",1850000
2598,Willie Mitchell,LD,3500000
2599,Raffi Torres,LW,1000000
2600,Bryan Little,"C, RW",2383333
2601,Patric Hornqvist,RW,3083333
2602,Justin Abdelkader,"LW, RW",787500
2603,Sean Bergenheim,LW,700000
2604,Nick Boynton,RD,500000
2605,Ruslan Salei,D,750000
2606,Teemu Selanne,RW,3250000
2607,John Madden,C,1000000
2608,Jamal Mayers,RW,600000
2609,Darren Helm,"C, LW, RW",912500
2610,Mike Weaver,D,900000
2611,Mike Modano,C,1250000
2612,Erik Johnson,RD,2600000
2613,Andy Sutton,D,2062500
2614,Shaone Morrisonn,LD,2075000
2615,Devin Setoguchi,RW,1800000
2616,Jason Demers,RD,1250000
2617,Chris Campoli,LD,1400000
2618,Blake Wheeler,"RW, C",2200000
2619,James Wisniewski,RD,3250000
2620,Dominic Moore,"C, LW",1100000
2621,Tim Kennedy,LW,1000000
2622,Peter Regin,C,1000000
2623,Ian White,D,2999995
2624,Andrew Ladd,LW,2350000
2625,Mark Fraser,D,500000
2626,Anton Stralman,RD,1950000
2627,Ben Eager,LW,965000
2628,Tomas Fleischmann,LW,2600000
2629,Matt Moulson,LW,2450000
2630,Gilbert Brule,C,1850000
2631,Alexei Ponikarovsky,LW,3200000
2632,Mason Raymond,LW,2550000
2633,Ryan Parent,D,925000
2634,Mike Cammalleri,"LW, C",1700000
2635,Fabian Brunnstrom,LW,675000
2636,Bryan Bickell,LW,541667
2637,Darroll Powe,C,725000
2638,Jannik Hansen,RW,825000
2639,David Perron,"RW, LW",2150000
2640,Ondrej Pavelec,G,1150000
2641,Nick Foligno,"LW, C, RW",1200000
2642,Patrick Kaleta,RW,907500
2643,Niklas Hjalmarsson,LD/RD,3500000
2644,Brad Richardson,C,900000
2645,Jack Skille,RW,600000
2646,Nate Thompson,C,625000
2647,Mikko Koivu,C,6750000
2648,Guillaume Latendresse,LW,803250
2649,Derek Meech,D,500000
2650,Gregory Campbell,"C, LW",1100000
2651,Rob Schremp,C,750750
2652,Josh Harding,G,1200000
2653,Jared Boll,RW,725000
2654,Devan Dubnyk,G,800000
2655,Maxim Lapierre,C,900000
2656,Daniel Carcillo,LW,1075000
2657,Jean-Francois Jacques,LW,615000
2658,Nikolai Zherdev,LW,2000000
2659,Tanner Glass,LW,625000
2660,Dan Girardi,RD,3325000
2661,Mark Stuart,LD,1675000
2662,Eric Fehr,"C, RW",2200000
2663,Jason Garrison,LD,675000
2664,Brett Lebda,LW,1450000
2665,Jeff Schultz,LD,2750000
2666,Rob Niedermayer,"C, RW",1150000
2667,Patrick Eaves,"RW, LW",750000
2668,Joe Corvo,D,2250000
2669,Drew Miller,"LW, RW",650000
2670,Sergei Kostitsyn,"RW, LW",550000
2671,Cam Janssen,RW,600000
2672,Carlo Colaiacovo,LD,2125000
2673,Eric Boulton,LW,650000
2674,Shane O'Brien,LD,1600000
2675,Jaroslav Halak,G,3750000
2676,Teddy Purcell,"RW, LW",750000
2677,Mike Lundin,LD,750000
2678,Boyd Gordon,C,800000
2679,Nikolai Kulemin,"LW, RW",2350000
2680,Brandon Prust,"LW, C",800000
2681,Cory Schneider,G,900000
2682,Kyle Quincey,RD,3125000
2683,John Mitchell,C,725000
2684,Milan Jurcina,D,1000000
2685,Brad Winchester,LW,700000
2686,Pavel Kubina,D,3850000
2687,Matthew Lombardi,C,3500000
2688,Cody McCormick,"C, RW, LW",500000
2689,Daniel Winnik,C,950000
2690,Tim Jackman,RW,550000
2691,Pierre-Alexandre Parenteau,RW,600000
2692,Olli Jokinen,C,3000000
2693,Colby Armstrong,RW,3000000
2694,Anton Volchenkov,D,4250000
2695,Matt Cullen,"C, LW",3500000
2696,Toni Lydman,D,3000000
2697,Johan Hedberg,G,1000000
2698,Paul Martin,LD,5000000
2699,Dan Hamhuis,LD,4500000
2700,Vaclav Prospal,LW,2480000
2701,Martin Biron,G,875000
2702,Anton Babchuk,RD,1400000
2703,Vladimir Sobotka,"LW, C",750000
2704,Ray Whitney,LW,3000000
2705,Erik Christensen,C,925000
2706,Kurtis Foster,D,1800000
2707,Dustin Boyd,C,650000
2708,Alex Auld,G,1000000
2709,Chris Mason,G,1850000
2710,Alex Tanguay,"LW, RW",1700000
2711,Braydon Coburn,LD,3200000
2712,Zbynek Michalek,RD,4000000
2713,Joel Perrault,C,510000
2714,Manny Malhotra,C,2500000
2715,Jordan Leopold,D,3000000
2716,Daniel Paille,LW,1075000
2717,Jody Shelley,LW,1100000
2718,Colin Fraser,C,825000
2719,Adam Burish,RW,1150000
2720,Jesse Winchester,"C, RW, LW",750000
2721,John Scott,"LW, D",512500
2722,Eric Nystrom,"LW, RW",1400000
2723,Alexander Steen,"LW, RW, C",3362500
2724,David Clarkson,RW,2666667
2725,Chris Higgins,LW,1600000
2726,Dan Ellis,G,1500000
2727,Derek Morris,D,2750000
2728,Sergei Gonchar,LD,5500000
2729,Martin St. Louis,RW,5625000
2730,Sami Lepisto,D,800000
2731,Michael Leighton,G,1550000
2732,Krys Barch,LW,837500
2733,Mark Recchi,RW,1000000
2734,Benoit Pouliot,LW,1350000
2735,Tom Pyatt,C,500000
2736,Niclas Wallin,D,2650000
2737,Patrick Marleau,"LW, C",6900000
2738,Wojtek Wolski,RW,3800000
2739,Johnny Boychuk,RD,1875000
2740,Joe Pavelski,"RW, C",4000000
2741,Tomas Plekanec,C,5000000
2742,Brad Staubitz,RW,575000
2743,Matt Cooke,LW,1800000
2744,Matt D'Agostini,RW,550000
2745,Kyle Chipchura,"C, RW",650000
2746,Francis Bouillon,LD,1350000
2747,Todd Bertuzzi,RW,1937500
2748,James Sheppard,C,803250
2749,Aaron Rome,D,750000
2750,Scottie Upshall,LW,2250000
2751,Jim Slater,C,1000000
2752,Shawn Thornton,"LW, RW",812500
2753,Peter Budaj,G,1250000
2754,Dennis Seidenberg,RD,3250000
2755,Nicklas Lidstrom,D,6200000
2756,Jiri Tlusty,C,500000
2757,Jay Harrison,LD,500000
2758,Adam Foote,RD,1000000
2759,Nicklas Backstrom,C,6700000
2760,Jiri Hudler,"LW, RW",2875000
2761,Wade Belak,RW,575000
2762,Jonas Gustavsson,G,1350000
2763,Tom Wandell,"C, RW",775000
2764,Kris Letang,RD,3500000
2765,Paul Bissonnette,LW,612500
2766,Andrew Ference,RD,2250000
2767,Ryan Kesler,"C, RW",5000000
2768,Brian Lee,D,875000
2769,Clayton Stoner,LD,550000
2770,Marek Zidlicky,RD,4000000
2771,Steve Ott,"C, LW",2950000
2772,Matt Stajan,C,3500000
2773,Rene Bourque,LW,3333333
2774,Cal Clutterbuck,RW,1400000
2775,Andrew MacDonald,RD,550000
2776,Pekka Rinne,G,3400000
2777,Jordin Tootoo,RW,1250000
2778,Jonas Hiller,G,4500000
2779,Marcel Goc,C,775000
2780,Kevin Klein,RD,1350000
2781,Jack Johnson,LD,4357143
2782,Tyler Sloan,LD,700000
2783,David Steckel,C,1100000
2784,Alexander Semin,"RW, LW",6000000
2785,Duncan Keith,LD,5538462
2786,Patrick Kane,RW,6300000
2787,Jonathan Toews,C,6300000
2788,Marc Savard,C,4021428
2789,Tuukka Rask,G,1250000
2790,Jonathan Quick,G,1800000
2791,Davis Drewiske,LD,616667
2792,Rich Peverley,C,1325000
2793,Matt Carkner,D,700000
2794,Kris Russell,LD/RD,1300000
2795,Milan Lucic,LW,4083333
2796,Marc-Andre Bergeron,D,750000
2797,Dominic Moore,"C, LW",1100000
2798,Rostislav Klesla,D,2975000
2799,Loui Eriksson,"LW, RW",4250000
2800,Stephane Robidas,RD,3300000
2801,Cam Ward,G,6300000
2802,Francis Bouillon,LD,750000
2803,Andrew Peters,LW,500000
2804,Robert Lang,C,1000000
2805,Martin Skoula,D,575000
2806,Darryl Sydor,LD,1000000
2807,Rob Niedermayer,"C, RW",1000000
2808,Manny Malhotra,C,700000
2809,Brandon Dubinsky,"C, LW",1850000
2810,Phil Kessel,RW,5400000
2811,Antoine Vermette,"C, LW",3750000
2812,Dennis Seidenberg,RD,2250000
2813,Drew Stafford,"RW, LW",1900000
2814,Derek Dorsett,RW,562500
2815,Mike Comrie,C,1250000
2816,Rod Brind'Amour,C,3560000
2817,Derick Brassard,"LW, C",3200000
2818,Steve Eminger,D,1125000
2819,Roberto Luongo,G,5333333
2820,Alex Tanguay,"LW, RW",2500000
2821,Mathieu Schneider,D,1550000
2822,Martins Karsums,RW,575000
2823,Stephane Yelle,C,550000
2824,Todd Bertuzzi,RW,1500000
2825,Vaclav Prospal,LW,1150000
2826,Ladislav Smid,LD,1300000
2827,Ryan Jones,LW,975000
2828,Brendan Shanahan,LW,1000000
2829,Patrick Eaves,"RW, LW",500000
2830,Jason Williams,RW,1500000
2831,Brian Elliott,G,850000
2832,Blake Comeau,"LW, RW",650000
2833,Milan Jurcina,D,1375000
2834,Petteri Nokelainen,RW,950000
2835,Dustin Boyd,C,650000
2836,Kyle Wellwood,C,1200000
2837,Ole-Kristian Tollefsen,D,600000
2838,Josh Harding,G,1100000
2839,Jack Hillen,D,525000
2840,Scottie Upshall,LW,1500000
2841,Matt Smaby,D,525000
2842,Roman Polak,RD,1100000
2843,Derek Morris,D,3300000
2844,Kyle Brodziak,C,1150000
2845,Tuomo Ruutu,"LW, RW",3800000
2846,Martin Biron,G,1400000
2847,Travis Zajac,C,3887500
2848,Marc Methot,LD,1012500
2849,Joffrey Lupul,"LW, RW",4250000
2850,Enver Lisin,RW,790000
2851,Tomas Plekanec,C,2750000
2852,Denis Grebeshkov,D,3150000
2853,Boris Valabik,LD,762500
2854,Nigel Dawes,LW,750000
2855,Andrej Sekera,LD/RD,1000000
2856,Teddy Purcell,"RW, LW",600000
2857,Matt Hunwick,LD,1450000
2858,Clarke MacArthur,LW,1400000
2859,Petr Prucha,"RW, LW",1200000
2860,Keith Yandle,LD,1200000
2861,Jack Johnson,LD,1425000
2862,Colby Armstrong,RW,2400000
2863,Lauri Korpikoski,"LW, RW",700000
2864,Andrew Alberts,D,1050000
2865,Shaone Morrisonn,LD,1975000
2866,Eric Fehr,"C, RW",771750
2867,Kari Lehtonen,G,3000000
2868,Zack Stortini,RW,700000
2869,Tom Kostopoulos,"RW, LW",916667
2870,Ryan Callahan,RW,2300000
2871,Boyd Gordon,C,761250
2872,James Wisniewski,RD,2750000
2873,Kyle Chipchura,"C, RW",500000
2874,Brian McGrattan,RW,547000
2875,Yann Danis,G,500000
2876,Travis Moen,"LW, RW",1500000
2877,Jay McKee,LD,800000
2878,Nick Boynton,RD,1500000
2879,Ales Kotalik,RW,3000000
2880,Matt Ellis,LW,500000
2881,Chris Pronger,D,4935714
2882,Kris Versteeg,"LW, RW",3083333
2883,Mark Fistric,D,1000000
2884,Kurtis Foster,D,600000
2885,Jim Slater,C,840000
2886,Jeff Woywitka,LD,650000
2887,Stephane Veilleux,LW,750000
2888,Andrew Raycroft,G,500000
2889,Cam Barker,LD,3083333
2890,Francois Beauchemin,LD,3800000
2891,David Jones,RW,837500
2892,B.J. Crombeen,RW,872500
2893,Troy Brouwer,"LW, RW",1025000
2894,Colin Fraser,C,700000
2895,Ben Eager,LW,965000
2896,Aaron Johnson,D,540000
2897,Ville Leino,LW,800000
2898,Shane O'Brien,LD,1600000
2899,Chris Higgins,LW,2250000
2900,Rick Nash,"LW, RW",7800000
2901,Ryane Clowe,"LW, RW",3625000
2902,Shane Hnidy,RD,750000
2903,Mikael Samuelsson,RW,2500000
2904,Rob Scuderi,LD,3400000
2905,Mark Recchi,RW,1000000
2906,Chad Larose,"RW, LW",1700000
2907,Lawrence Nycholat,LD,500000
2908,Karlis Skrastins,D,1375000
2909,Mikhail Grabovski,"C, RW",2900000
2910,Chris Thorburn,"RW, LW",660000
2911,Jordan Leopold,D,1750000
2912,Donald Brashear,LW,1400000
2913,Ville Koistinen,LD,1200000
2914,Tyler Sloan,LD,640000
2915,Mike Komisarek,RD,4300000
2916,David Booth,LW,4250000
2917,Martin Havlat,LW,4250000
2918,Jay Bouwmeester,LD,6680000
2919,Mattias Ohlund,LD,3607142
2920,Steve Sullivan,LW,3750000
2921,Jaroslav Spacek,D,3833333
2922,Scott Niedermayer,D,6000000
2923,Nikolai Khabibulin,G,3750000
2924,John Madden,C,2750000
2925,Henrik Sedin,C,6100000
2926,Daniel Sedin,LW,6100000
2927,Mike Cammalleri,"LW, C",6000000
2928,Marian Hossa,RW,5275000
2929,Brian Gionta,RW,5000000
2930,Matt Walker,D,1700000
2931,Steve Montador,D,1550000
2932,Fredrik Sjostrom,LW,750000
2933,Aaron Rome,D,525000
2934,Lukas Krajicek,D,700000
2935,Mike Rupp,C,825000
2936,Jason LaBarbera,G,1000000
2937,Marian Gaborik,RW,7500000
2938,Kent Huskins,D,1700000
2939,Samuel Pahlsson,C,2650000
2940,Hal Gill,D,2250000
2941,Byron Bitz,RW,687500
2942,Tomas Kopecky,RW,1200000
2943,Colton Orr,RW,1000000
2944,Mathieu Garon,G,1200000
2945,Erik Cole,LW,2900000
2946,Scott Clemmensen,G,1200000
2947,Greg Zanon,D,1933333
2948,Johnny Boychuk,RD,500000
2949,Joel Ward,RW,1500000
2950,Vernon Fiddler,"C, LW",1100000
2951,Craig Anderson,G,1812500
2952,Chris Neil,RW,2000000
2953,Andy Greene,LD/RD,737500
2954,Adam Pardy,LD,700000
2955,Rob Blake,RD,4000000
2956,Erik Christensen,C,750000
2957,Peter Budaj,G,1250000
2958,Johnny Oduya,LD,3500000
2959,Antti Niemi,G,826875
2960,Jussi Jokinen,"LW, RW",1700000
2961,Brad Winchester,LW,800000
2962,Bill Guerin,RW,2000000
2963,Mike Weaver,D,800000
2964,Craig Adams,RW,550000
2965,Dave Bolland,C,3375000
2966,Sami Lepisto,D,550000
2967,Cody McLeod,"LW, RW",1033333
2968,Alex Goligoski,LD/RD,1833333
2969,Keith Tkachuk,LW,2150000
2970,Mike Brown,RW,537500
2971,Marty Reasoner,C,1150000
2972,Curtis McElhinney,G,535000
2973,Anssi Salmela,D,612500
2974,David Krejci,C,3750000
2975,Pierre-Luc Letourneau-Leblond,RW,525000
2976,Jay McClement,C,1450000
2977,Derek Dorsett,RW,1633333
2978,Steve Bernier,RW,2000000
2979,John Scott,"LW, D",500000
2980,Johan Franzen,"RW, LW",3954545
2981,David Moss,RW,1300000
2982,Doug Weight,D,2000000
2983,Tim Thomas,G,5000000
2984,Jay Harrison,LD,475000
2985,Tim Jackman,RW,550000
2986,Brian Sutherby,C,812500
2987,Jeff Hamilton,"C, RW",475000
2988,Filip Kuba,D,3700000
2989,Tim Connolly,C,4500000
2990,Alexandre Burrows,"RW, LW",2000000
2991,Niklas Backstrom,G,6000000
2992,Andy McDonald,C,4700000
2993,George Parros,RW,875000
2994,Henrik Zetterberg,C,6083333
2995,Brendan Shanahan,LW,800000
2996,Jordan Staal,"C, LW",4000000
